platform,site,indexed_count,url,last_crawled
WORDPRESS,jobinkorea365.com,52,https://jobinkorea365.com/category/jobs/,2026-09-14
WORDPRESS,jobinkorea365.com,52,https://jobinkorea365.com/contact/,2026-09-13
WORDPRESS,jobinkorea365.com,52,https://jobinkorea365.com/title-7-essential-facts-about-overtime-pay-law-korea-52-hour-week-you-need-to-know/,2026-09-12
WORDPRESS,jobinkorea365.com,52,https://jobinkorea365.com/,2026-09-10
WORDPRESS,jobinkorea365.com,52,https://jobinkorea365.com/disclaimer/,2026-09-09
WORDPRESS,jobinkorea365.com,52,https://jobinkorea365.com/7-things-to-check-before-korea-remote-job-platforms/,2026-09-09
WORDPRESS,jobinkorea365.com,52,https://jobinkorea365.com/behind-the-scenes-what-cover-letter-korea-english-actually-involves/,2026-09-09
WORDPRESS,jobinkorea365.com,52,https://jobinkorea365.com/stop-misunderstanding-koreas-part-time-job-visa-rules-avoid-costly-penalties/,2026-09-09
WORDPRESS,jobinkorea365.com,52,https://jobinkorea365.com/category/salaries/,2026-09-08
WORDPRESS,jobinkorea365.com,52,https://jobinkorea365.com/category/jobs/page/2/,2026-09-08
WORDPRESS,jobinkorea365.com,52,https://jobinkorea365.com/4-questions-people-ask-about-startup-jobs-korea-foreigner/,2026-09-06
WORDPRESS,jobinkorea365.com,52,https://jobinkorea365.com/how-it-jobs-korea-foreigner-has-changed-in-2026/,2026-09-02
WORDPRESS,jobinkorea365.com,52,https://jobinkorea365.com/unlocking-opportunities-my-essential-group-interview-korea-tips/,2026-09-01
WORDPRESS,jobinkorea365.com,52,https://jobinkorea365.com/page/4/,2026-08-31
WORDPRESS,jobinkorea365.com,52,https://jobinkorea365.com/the-complete-e2-visa-transfer-guide-you-need-now-for-2024/,2026-08-30
WORDPRESS,jobinkorea365.com,52,https://jobinkorea365.com/korea-job-fair-events-2026-unlock-your-dream-career-in-seoul/,2026-08-30
WORDPRESS,jobinkorea365.com,52,https://jobinkorea365.com/privacy-policy/,2026-08-27
WORDPRESS,jobinkorea365.com,52,https://jobinkorea365.com/your-guide-to-unlocking-the-best-benefits-package-korea-company-offers/,2026-08-24
WORDPRESS,jobinkorea365.com,52,https://jobinkorea365.com/korean-company-interview-questions-a-closer-look-at-what-really-matters/,2026-08-14
WORDPRESS,jobinkorea365.com,52,https://jobinkorea365.com/transportation-allowance-korea-a-closer-look-at-what-really-matters/,2026-08-13
WORDPRESS,jobinkorea365.com,52,https://jobinkorea365.com/dont-wait-the-crucial-guide-to-health-insurance-for-foreign-workers-in-korea-in-2024/,2026-08-13
WORDPRESS,jobinkorea365.com,52,https://jobinkorea365.com/korea-tech-industry-jobs-top-7-roles-for-foreigners-in-2024/,2026-08-13
WORDPRESS,jobinkorea365.com,52,https://jobinkorea365.com/before-you-try-interview-dress-code-korea-read-this-first/,2026-08-13
WORDPRESS,jobinkorea365.com,52,https://jobinkorea365.com/dont-wait-to-master-your-korean-resume-essential-updates-for-2024-job-seekers-korean-resume-format-guide/,2026-08-13
WORDPRESS,jobinkorea365.com,52,https://jobinkorea365.com/korea-housing-allowance-negotiation-korea-the-hidden-truth-about-what-youre-owed-and-how-to-get-it/,2026-08-13
WORDPRESS,jobinkorea365.com,52,https://jobinkorea365.com/are-you-prepared-for-the-unique-demands-of-korean-work-culture-korean-work-culture-tips/,2026-08-13
WORDPRESS,jobinkorea365.com,52,https://jobinkorea365.com/the-hidden-side-of-headhunter-korea-recommendation-that-changes-how-you-should-approach-it/,2026-08-13
WORDPRESS,jobinkorea365.com,52,https://jobinkorea365.com/korea-linkedin-profile-foreigner-101-what-first-timers-should-know/,2026-08-13
WORDPRESS,jobinkorea365.com,52,https://jobinkorea365.com/salary-expectation-korea-negotiation-101-what-first-timers-should-know/,2026-08-13
WORDPRESS,jobinkorea365.com,52,https://jobinkorea365.com/how-much-should-you-budget-for-it-jobs-korea-foreigner/,2026-08-09
WORDPRESS,jobinkorea365.com,52,https://jobinkorea365.com/7-mistakes-people-make-with-group-interview-korea-tips/,2026-08-05
WORDPRESS,jobinkorea365.com,52,https://jobinkorea365.com/navigating-your-linkedin-korea-job-search-my-6-month-journey-to-success/,2026-08-05
WORDPRESS,jobinkorea365.com,52,https://jobinkorea365.com/how-to-actually-nail-your-interview-dress-code-in-korea-a-specialists-guide/,2026-08-05
WORDPRESS,jobinkorea365.com,52,https://jobinkorea365.com/how-to-actually-ace-your-behavioral-interview-in-korea-a-specialists-guide/,2026-08-05
WORDPRESS,jobinkorea365.com,52,https://jobinkorea365.com/what-nobody-tells-you-about-employment-contract-korea-mandatory-clauses-debunking-the-myths/,2026-08-05
WORDPRESS,jobinkorea365.com,52,https://jobinkorea365.com/navigating-the-job-market-my-journey-to-securing-a-job-and-understanding-your-meal-allowance-korea-company-benefits/,2026-08-04
WORDPRESS,jobinkorea365.com,52,https://jobinkorea365.com/is-finding-a-remote-job-in-korea-as-an-english-speaker-a-realistic-goal-in-2024/,2026-08-03
WORDPRESS,jobinkorea365.com,52,https://jobinkorea365.com/startup-jobs-korea-foreigner-a-beginners-starting-point/,2026-08-01
WORDPRESS,jobinkorea365.com,52,https://jobinkorea365.com/dont-miss-out-securing-your-dream-translation-job-in-seoul-as-a-foreigner-in-2024/,2026-07-30
WORDPRESS,jobinkorea365.com,52,https://jobinkorea365.com/debunking-common-myths-about-meal-allowance-korea-company/,2026-07-29
WORDPRESS,jobinkorea365.com,52,https://jobinkorea365.com/3-mistakes-people-make-with-korean-company-job-apply/,2026-07-28
WORDPRESS,jobinkorea365.com,52,https://jobinkorea365.com/is-securing-a-finance-job-as-a-foreigner-in-seoul-truly-achievable-in-2024/,2026-07-26
WORDPRESS,jobinkorea365.com,52,https://jobinkorea365.com/what-is-the-e7-visa-salary-requirement-in-korea-and-can-you-meet-it-in-2024/,2026-07-25
WORDPRESS,jobinkorea365.com,52,https://jobinkorea365.com/interview-question-korea-common-explained-in-plain-english/,2026-07-13
WORDPRESS,jobinkorea365.com,52,https://jobinkorea365.com/health-insurance-salary-korea-understanding-deductions-benefits-for-expats/,2026-07-13
WORDPRESS,jobinkorea365.com,52,https://jobinkorea365.com/page/5/,2026-07-13
WORDPRESS,jobinkorea365.com,52,https://jobinkorea365.com/cracking-the-code-my-journey-and-essential-group-interview-korea-tips-for-expats/,2026-07-11
WORDPRESS,jobinkorea365.com,52,https://jobinkorea365.com/why-most-foreigners-fail-to-get-a-job-in-korea-avoid-these-critical-mistakes/,2026-07-01
WORDPRESS,jobinkorea365.com,52,https://jobinkorea365.com/dont-wait-crucial-updates-for-severance-pay-calculation-korea-you-need-to-know-in-2024/,2026-06-30
WORDPRESS,jobinkorea365.com,52,https://jobinkorea365.com/tag/employment-screening-korea/,2026-06-20
WORDPRESS,jobinkorea365.com,52,https://jobinkorea365.com/tag/korean-work-visa/,2026-06-20
WORDPRESS,jobinkorea365.com,52,https://jobinkorea365.com/tag/entrepreneur-visa/,2026-06-20
WORDPRESS,jobkorea365.com,32,https://jobkorea365.com/,2026-09-07
WORDPRESS,jobkorea365.com,32,https://jobkorea365.com/english-teaching-jobs-korea-warning-signs-you-should-never-ignore/,2026-08-13
WORDPRESS,jobkorea365.com,32,https://jobkorea365.com/korea-average-salary-2026-details-that-are-easy-to-miss/,2026-08-13
WORDPRESS,jobkorea365.com,32,https://jobkorea365.com/getting-minimum-wage-korea-2026-right-the-first-time-2/,2026-08-11
WORDPRESS,jobkorea365.com,32,https://jobkorea365.com/what-3-months-of-engineer-salary-seoul-research-taught-me-that-no-one-talks-about/,2026-08-11
WORDPRESS,jobkorea365.com,32,https://jobkorea365.com/minimum-wage-korea-2026-a-closer-look/,2026-08-11
WORDPRESS,jobkorea365.com,32,https://jobkorea365.com/debunking-common-myths-about-work-visa/,2026-08-11
WORDPRESS,jobkorea365.com,32,https://jobkorea365.com/how-payslip-korea-understanding-has-changed-in-2026/,2026-08-11
WORDPRESS,jobkorea365.com,32,https://jobkorea365.com/study-reveals-9-in-10-people-misunderstand-work-visa/,2026-08-11
WORDPRESS,jobkorea365.com,32,https://jobkorea365.com/how-korea-work-permit-process-actually-works/,2026-08-11
WORDPRESS,jobkorea365.com,32,https://jobkorea365.com/getting-minimum-wage-korea-2026-right-the-first-time/,2026-08-11
WORDPRESS,jobkorea365.com,32,https://jobkorea365.com/debunking-common-myths-about-english-teaching-jobs-korea/,2026-08-11
WORDPRESS,jobkorea365.com,32,https://jobkorea365.com/work-permit-application-korea-101-what-first-timers-should-know/,2026-08-10
WORDPRESS,jobkorea365.com,32,https://jobkorea365.com/korean-law-firm-associate-jobs-your-top-7-steps-to-success/,2026-08-10
WORDPRESS,jobkorea365.com,32,https://jobkorea365.com/korean-government-internship-top-7-paths-to-your-dream-career/,2026-08-10
WORDPRESS,jobkorea365.com,32,https://jobkorea365.com/korea-hr-jobs-english-speaking-your-top-7-steps-to-land-a-dream-role/,2026-08-10
WORDPRESS,jobkorea365.com,32,https://jobkorea365.com/how-remote-job-korea-based-has-changed-in-2026/,2026-08-10
WORDPRESS,jobkorea365.com,32,https://jobkorea365.com/how-e-7-visa-sponsorship-jobs-has-changed-in-2026/,2026-08-10
WORDPRESS,jobkorea365.com,32,https://jobkorea365.com/why-youre-overlooking-critical-protections-a-deep-dive-into-industrial-accident-insurance-korea/,2026-08-05
WORDPRESS,jobkorea365.com,32,https://jobkorea365.com/stop-losing-opportunities-essential-korean-corporate-culture-tips-you-cant-ignore/,2026-08-05
WORDPRESS,jobkorea365.com,32,https://jobkorea365.com/page/4/,2026-08-05
WORDPRESS,jobkorea365.com,32,https://jobkorea365.com/stop-making-these-mistakes-your-essential-korean-office-slang-guide-for-success/,2026-08-04
WORDPRESS,jobkorea365.com,32,https://jobkorea365.com/stop-misunderstanding-company-dinner-culture-in-korea-your-career-depends-on-it/,2026-08-04
WORDPRESS,jobkorea365.com,32,https://jobkorea365.com/what-nobody-tells-you-about-your-relocation-package-korea-guide-uncovering-hidden-truths/,2026-08-04
WORDPRESS,jobkorea365.com,32,https://jobkorea365.com/is-your-termination-in-korea-truly-lawful-understanding-wrongful-termination-korea-law/,2026-08-04
WORDPRESS,jobkorea365.com,32,https://jobkorea365.com/stop-losing-money-your-essential-relocation-package-korea-guide/,2026-08-03
WORDPRESS,jobkorea365.com,32,https://jobkorea365.com/korea-it-jobs-foreigner-frequently-confused-points/,2026-07-31
WORDPRESS,jobkorea365.com,32,https://jobkorea365.com/remote-jobs-korea-foreigner-frequently-overlooked-facts/,2026-07-29
WORDPRESS,jobkorea365.com,32,https://jobkorea365.com/behind-the-scenes-what-e-7-visa-sponsorship-jobs-actually-involves/,2026-07-28
WORDPRESS,jobkorea365.com,32,https://jobkorea365.com/navigating-probation-period-korea-law-what-employers-employees-often-overlook/,2026-07-19
WORDPRESS,jobkorea365.com,32,https://jobkorea365.com/7-crucial-aspects-of-freelance-visa-korea-criteria-you-need-to-master/,2026-06-27
WORDPRESS,jobkorea365.com,32,https://jobkorea365.com/are-you-fully-prepared-for-the-probation-period-korea-law-as-an-expat-or-employer/,2026-06-26
WORDPRESS,jobkoreaglobal.com,82,https://jobkoreaglobal.com/,2026-09-14
WORDPRESS,jobkoreaglobal.com,82,https://jobkoreaglobal.com/navigating-the-foreigner-employment-korea-process-your-essential-guide/,2026-09-14
WORDPRESS,jobkoreaglobal.com,82,https://jobkoreaglobal.com/e-9-visa-worker-korea-why-most-employers-get-it-wrong-and-what-actually-works/,2026-09-12
WORDPRESS,jobkoreaglobal.com,82,https://jobkoreaglobal.com/what-nobody-tells-you-about-outsourcing-developer-team-korea-and-why-it-matters/,2026-09-06
WORDPRESS,jobkoreaglobal.com,82,https://jobkoreaglobal.com/navigating-unfair-dismissal-korea-foreigner-a-comprehensive-guide-for-employers-and-global-talent/,2026-09-06
WORDPRESS,jobkoreaglobal.com,82,https://jobkoreaglobal.com/navigating-e-9-visa-worker-korea-a-comprehensive-guide-for-employers-and-candidates/,2026-09-05
WORDPRESS,jobkoreaglobal.com,82,https://jobkoreaglobal.com/how-to-actually-navigate-the-h-2-visa-worker-guide-a-specialists-guide/,2026-09-04
WORDPRESS,jobkoreaglobal.com,82,https://jobkoreaglobal.com/navigating-the-dynamic-foreign-worker-community-korea-a-guide-for-employers-and-talent/,2026-09-02
WORDPRESS,jobkoreaglobal.com,82,https://jobkoreaglobal.com/dont-wait-unlocking-your-premier-korea-spanish-speaker-job-opportunity-now-korea-spanish-speaker-job-korea/,2026-09-01
WORDPRESS,jobkoreaglobal.com,82,https://jobkoreaglobal.com/dont-underestimate-the-power-why-a-localization-specialist-english-native-is-indispensable-for-global-growth-in-2024/,2026-08-31
WORDPRESS,jobkoreaglobal.com,82,https://jobkoreaglobal.com/global-supply-chain-expert-recruitment-the-untapped-talent-pool-vs-the-obvious-candidates/,2026-08-31
WORDPRESS,jobkoreaglobal.com,82,https://jobkoreaglobal.com/category/hiring/,2026-08-31
WORDPRESS,jobkoreaglobal.com,82,https://jobkoreaglobal.com/the-surprising-reason-your-cross-border-tax-consultant-strategy-is-falling-short/,2026-08-31
WORDPRESS,jobkoreaglobal.com,82,https://jobkoreaglobal.com/are-you-ready-for-the-unprecedented-growth-of-a-saas-sales-professional-in-seoul/,2026-08-30
WORDPRESS,jobkoreaglobal.com,82,https://jobkoreaglobal.com/why-finding-the-right-global-mobility-specialist-in-korea-matters-more-than-ever-in-2024-global-mobility-specialist-korea/,2026-08-30
WORDPRESS,jobkoreaglobal.com,82,https://jobkoreaglobal.com/navigating-global-supply-chain-expert-recruitment-what-nobody-tells-you-about-finding-top-talent/,2026-08-03
WORDPRESS,jobkoreaglobal.com,82,https://jobkoreaglobal.com/stop-underestimating-the-impact-why-your-strategic-partnership-manager-korea-strategy-needs-an-overhaul/,2026-08-02
WORDPRESS,jobkoreaglobal.com,82,https://jobkoreaglobal.com/stop-losing-out-why-your-international-event-coordinator-seoul-career-needs-a-strategic-re-evaluation/,2026-07-24
WORDPRESS,jobkoreaglobal.com,82,https://jobkoreaglobal.com/2026/07/10/,2026-07-15
WORDPRESS,jobkoreaglobal.com,82,https://jobkoreaglobal.com/2026/07/09/,2026-07-14
WORDPRESS,jobkoreaglobal.com,82,https://jobkoreaglobal.com/2026/07/08/,2026-07-13
WORDPRESS,jobkoreaglobal.com,82,https://jobkoreaglobal.com/how-to-actually-fix-relocation-allowance-korea-a-specialists-guide/,2026-07-12
WORDPRESS,jobkoreaglobal.com,82,https://jobkoreaglobal.com/safeguarding-global-talent-understanding-foreign-worker-protection-korea/,2026-07-12
WORDPRESS,jobkoreaglobal.com,82,https://jobkoreaglobal.com/tag/foreign-worker-rights/,2026-07-12
WORDPRESS,jobkoreaglobal.com,82,https://jobkoreaglobal.com/author/catherine-han/,2026-07-11
WORDPRESS,jobkoreaglobal.com,82,https://jobkoreaglobal.com/tag/working-in-korea/,2026-07-11
WORDPRESS,jobkoreaglobal.com,82,https://jobkoreaglobal.com/tag/jobkoreaglobal/,2026-07-11
WORDPRESS,jobkoreaglobal.com,82,https://jobkoreaglobal.com/tag/eps-topik/,2026-07-11
WORDPRESS,jobkoreaglobal.com,82,https://jobkoreaglobal.com/-by-brian-choi/,2026-07-11
WORDPRESS,jobkoreaglobal.com,82,https://jobkoreaglobal.com/are-cloud-architect-jobs-korea-english-still-a-top-career-choice-in-2024/,2026-07-09
WORDPRESS,jobkoreaglobal.com,82,https://jobkoreaglobal.com/hr-korea-foreigner-guide-avoid-costly-mistakes-focus-on-proven-strategies/,2026-07-08
WORDPRESS,jobkoreaglobal.com,82,https://jobkoreaglobal.com/the-probation-period-korea-foreigner-critical-mistakes-costing-you-your-dream-job/,2026-07-08
WORDPRESS,jobkoreaglobal.com,82,https://jobkoreaglobal.com/disclaimer/,2026-07-08
WORDPRESS,jobkoreaglobal.com,82,https://jobkoreaglobal.com/the-uncomfortable-truth-about-workplace-harassment-korea-foreigner-most-people-ignore/,2026-07-08
WORDPRESS,jobkoreaglobal.com,82,https://jobkoreaglobal.com/the-uncomfortable-truth-about-performance-bonus-korea-company-most-people-ignore/,2026-07-08
WORDPRESS,jobkoreaglobal.com,82,https://jobkoreaglobal.com/2026/07/07/,2026-07-07
WORDPRESS,jobkoreaglobal.com,82,https://jobkoreaglobal.com/page/5/,2026-07-07
WORDPRESS,jobkoreaglobal.com,82,https://jobkoreaglobal.com/tag/cloud-computing-kore/,2026-07-04
WORDPRESS,jobkoreaglobal.com,82,https://jobkoreaglobal.com/the-unexpected-hurdle-your-hr-korea-foreigner-guide-misses-expert-insights/,2026-07-04
WORDPRESS,jobkoreaglobal.com,82,https://jobkoreaglobal.com/2026/07/03/,2026-07-04
WORDPRESS,jobkoreaglobal.com,82,https://jobkoreaglobal.com/author/andrew-kim/,2026-07-03
WORDPRESS,jobkoreaglobal.com,82,https://jobkoreaglobal.com/i-stopped-guessing-about-saas-sales-roles-in-seoul-and-discovered-this-core-strategy/,2026-07-01
WORDPRESS,jobkoreaglobal.com,82,https://jobkoreaglobal.com/tag/business-communicati/,2026-06-30
WORDPRESS,jobkoreaglobal.com,82,https://jobkoreaglobal.com/tag/cloud-architect-jobs-korea-english/,2026-06-29
WORDPRESS,jobkoreaglobal.com,82,https://jobkoreaglobal.com/tag/azure-jobs-korea/,2026-06-29
WORDPRESS,jobkoreaglobal.com,82,https://jobkoreaglobal.com/tag/global-tech-recruitment/,2026-06-28
WORDPRESS,jobkoreaglobal.com,82,https://jobkoreaglobal.com/tag/ai-research-global-recruitment/,2026-06-28
WORDPRESS,jobkoreaglobal.com,82,https://jobkoreaglobal.com/tag/cross-border-hiring/,2026-06-28
WORDPRESS,jobkoreaglobal.com,82,https://jobkoreaglobal.com/tag/global-talent-korea/,2026-06-28
WORDPRESS,jobkoreaglobal.com,82,https://jobkoreaglobal.com/tag/hrd-korea-recruitment/,2026-06-28
WORDPRESS,jobkoreaglobal.com,82,https://jobkoreaglobal.com/2026/06/27/,2026-06-28
WORDPRESS,jobkoreaglobal.com,82,https://jobkoreaglobal.com/tag/career-seoul/,2026-06-28
WORDPRESS,jobkoreaglobal.com,82,https://jobkoreaglobal.com/tag/south-korea-jobs/,2026-06-28
WORDPRESS,jobkoreaglobal.com,82,https://jobkoreaglobal.com/tag/development-sector/,2026-06-27
WORDPRESS,jobkoreaglobal.com,82,https://jobkoreaglobal.com/tag/hr/,2026-06-27
WORDPRESS,jobkoreaglobal.com,82,https://jobkoreaglobal.com/tag/english/,2026-06-27
WORDPRESS,jobkoreaglobal.com,82,https://jobkoreaglobal.com/tag/bilingual-recruiter-career-seoul/,2026-06-27
WORDPRESS,jobkoreaglobal.com,82,https://jobkoreaglobal.com/tag/career-growth-seoul/,2026-06-27
WORDPRESS,jobkoreaglobal.com,82,https://jobkoreaglobal.com/tag/seoul-jobs/,2026-06-27
WORDPRESS,jobkoreaglobal.com,82,https://jobkoreaglobal.com/tag/headhunter-seoul/,2026-06-27
WORDPRESS,jobkoreaglobal.com,82,https://jobkoreaglobal.com/2026/06/24/,2026-06-27
WORDPRESS,jobkoreaglobal.com,82,https://jobkoreaglobal.com/2026/06/25/,2026-06-27
WORDPRESS,jobkoreaglobal.com,82,https://jobkoreaglobal.com/tag/cross-border-recruitment-asia/,2026-06-26
WORDPRESS,jobkoreaglobal.com,82,https://jobkoreaglobal.com/tag/global-talent-asia/,2026-06-26
WORDPRESS,jobkoreaglobal.com,82,https://jobkoreaglobal.com/tag/talent-retention-kor/,2026-06-26
WORDPRESS,jobkoreaglobal.com,82,https://jobkoreaglobal.com/tag/workforce-korea/,2026-06-26
WORDPRESS,jobkoreaglobal.com,82,https://jobkoreaglobal.com/tag/tech-partnerships-ko/,2026-06-26
WORDPRESS,jobkoreaglobal.com,82,https://jobkoreaglobal.com/tag/korean-labor-law/,2026-06-26
WORDPRESS,jobkoreaglobal.com,82,https://jobkoreaglobal.com/tag/transcreation/,2026-06-26
WORDPRESS,jobkoreaglobal.com,82,https://jobkoreaglobal.com/tag/cross-cultural-commu/,2026-06-26
WORDPRESS,jobkoreaglobal.com,82,https://jobkoreaglobal.com/tag/global-content-strat/,2026-06-26
WORDPRESS,jobkoreaglobal.com,82,https://jobkoreaglobal.com/tag/logistics-recruitmen/,2026-06-26
WORDPRESS,jobkoreaglobal.com,82,https://jobkoreaglobal.com/tag/busan-job-market/,2026-06-26
WORDPRESS,jobkoreaglobal.com,82,https://jobkoreaglobal.com/tag/busan-logistics-jobs/,2026-06-26
WORDPRESS,jobkoreaglobal.com,82,https://jobkoreaglobal.com/tag/busan-port-employmen/,2026-06-26
WORDPRESS,jobkoreaglobal.com,82,https://jobkoreaglobal.com/author/hannah-park/,2026-06-25
WORDPRESS,jobkoreaglobal.com,82,https://jobkoreaglobal.com/tag/recruitment-strategy/,2026-06-25
WORDPRESS,jobkoreaglobal.com,82,https://jobkoreaglobal.com/page/4/,2026-06-23
WORDPRESS,jobkoreaglobal.com,82,https://jobkoreaglobal.com/tag/communication/,2026-06-20
WORDPRESS,jobkoreaglobal.com,82,https://jobkoreaglobal.com/tag/recruitment/,2026-06-20
WORDPRESS,jobkoreaglobal.com,82,https://jobkoreaglobal.com/2026/page/2/,2026-06-20
WORDPRESS,jobkoreaglobal.com,82,https://jobkoreaglobal.com/international-marketing-korea-top-7-secrets-to-thrive-in-2024/,2026-06-11
WORDPRESS,k-health365.com,1,https://k-health365.com/,2026-09-14
WORDPRESS,k-trip365.com,16,https://k-trip365.com/the-uncomfortable-truth-about-pension-stay-korea-guide-most-people-ignore/,2026-09-10
WORDPRESS,k-trip365.com,16,https://k-trip365.com/post-38-2/,2026-09-08
WORDPRESS,k-trip365.com,16,https://k-trip365.com/page/2/,2026-09-06
WORDPRESS,k-trip365.com,16,https://k-trip365.com/is-a-nami-island-day-trip-guide-still-essential-in-2024-uncover-the-secrets-to-a-perfect-getaway/,2026-09-06
WORDPRESS,k-trip365.com,16,https://k-trip365.com/what-nobody-tells-you-about-gyeongju-unearthing-the-real-must-see-places/,2026-09-04
WORDPRESS,k-trip365.com,16,https://k-trip365.com/the-complete-luxury-hotel-seoul-guide-you-need-now-for-an-unforgettable-2026-trip/,2026-08-31
WORDPRESS,k-trip365.com,16,https://k-trip365.com/privacy-policy/,2026-08-27
WORDPRESS,k-trip365.com,16,https://k-trip365.com/,2026-08-24
WORDPRESS,k-trip365.com,16,https://k-trip365.com/i-discovered-the-secret-to-unforgettable-autumn-foliage-korea-spots-and-you-wont-believe-where/,2026-08-07
WORDPRESS,k-trip365.com,16,https://k-trip365.com/해외-상속-절차-가이드-외국인-및-해외-거주자-상속의/,2026-07-02
WORDPRESS,k-trip365.com,16,https://k-trip365.com/post-113/,2026-06-24
WORDPRESS,k-trip365.com,16,https://k-trip365.com/post-58/,2026-06-24
WORDPRESS,k-trip365.com,16,https://k-trip365.com/post-91/,2026-06-20
WORDPRESS,k-trip365.com,16,https://k-trip365.com/tag/의료-관광/,2026-06-15
WORDPRESS,k-trip365.com,16,https://k-trip365.com/tag/한국-힐링-리조트/,2026-06-12
WORDPRESS,k-trip365.com,16,https://k-trip365.com/tag/destination-marketing/,2026-06-12
WORDPRESS,k-visa365.com,56,https://k-visa365.com/d10-job-seeker-visa-points-the-hidden-factors-most-applicants-miss/,2026-09-12
WORDPRESS,k-visa365.com,56,https://k-visa365.com/d-2-student-visa-guide-frequently-confused-points/,2026-09-09
WORDPRESS,k-visa365.com,56,https://k-visa365.com/what-your-visa-extension-online-guide-misses-expert-strategies-for-seamless-approval/,2026-09-09
WORDPRESS,k-visa365.com,56,https://k-visa365.com/privacy-policy/,2026-09-08
WORDPRESS,k-visa365.com,56,https://k-visa365.com/how-korea-work-visa-sponsorship-has-changed-in-2026/,2026-09-07
WORDPRESS,k-visa365.com,56,https://k-visa365.com/f-4-visa-korea-step-by-step/,2026-09-07
WORDPRESS,k-visa365.com,56,https://k-visa365.com/getting-f-2-visa-points-system-right-the-first-time/,2026-09-06
WORDPRESS,k-visa365.com,56,https://k-visa365.com/the-truth-about-long-term-visa-that-most-people-get-wrong/,2026-09-06
WORDPRESS,k-visa365.com,56,https://k-visa365.com/category/work-visa/,2026-09-05
WORDPRESS,k-visa365.com,56,https://k-visa365.com/are-you-ready-for-the-kiip-test-in-2024-your-ultimate-foreigners-guide/,2026-09-01
WORDPRESS,k-visa365.com,56,https://k-visa365.com/save-time-and-money-on-korea-work-visa-sponsorship/,2026-09-01
WORDPRESS,k-visa365.com,56,https://k-visa365.com/dont-get-denied-your-urgent-guide-to-the-korea-visa-exemption-countries-list-in-2024/,2026-09-01
WORDPRESS,k-visa365.com,56,https://k-visa365.com/how-to-actually-fix-work-visa-extension-korea-a-specialists-guide/,2026-08-31
WORDPRESS,k-visa365.com,56,https://k-visa365.com/navigating-your-change-of-employer-with-an-e-7-visa-a-comprehensive-guide/,2026-08-31
WORDPRESS,k-visa365.com,56,https://k-visa365.com/is-e-7-visa-salary-requirement-really-worth-it-an-honest-breakdown/,2026-08-31
WORDPRESS,k-visa365.com,56,https://k-visa365.com/f-4-visa-korea-broken-down-step-by-step/,2026-08-31
WORDPRESS,k-visa365.com,56,https://k-visa365.com/category/work-visa/page/2/,2026-08-30
WORDPRESS,k-visa365.com,56,https://k-visa365.com/student-visa-renewal-korea-a-closer-look-at-what-really-matters/,2026-08-30
WORDPRESS,k-visa365.com,56,https://k-visa365.com/how-to-actually-secure-your-d-10-job-seeker-visa-a-specialists-guide/,2026-08-30
WORDPRESS,k-visa365.com,56,https://k-visa365.com/a-practical-look-at-f-2-visa-points-system-for-international-patients/,2026-08-30
WORDPRESS,k-visa365.com,56,https://k-visa365.com/topik-visa-requirement-101-what-first-timers-should-know/,2026-08-30
WORDPRESS,k-visa365.com,56,https://k-visa365.com/contact/,2026-08-27
WORDPRESS,k-visa365.com,56,https://k-visa365.com/comprehensive-guide-to-employment-contract-visa-korea/,2026-08-25
WORDPRESS,k-visa365.com,56,https://k-visa365.com/navigating-your-student-visa-document-korea-a-comprehensive-guide/,2026-08-25
WORDPRESS,k-visa365.com,56,https://k-visa365.com/your-comprehensive-guide-to-the-d-4-language-visa-korea/,2026-08-25
WORDPRESS,k-visa365.com,56,https://k-visa365.com/comprehensive-guide-to-the-f-4-overseas-korean-visa-your-path-to-residency/,2026-08-25
WORDPRESS,k-visa365.com,56,https://k-visa365.com/disclaimer/,2026-08-24
WORDPRESS,k-visa365.com,56,https://k-visa365.com/why-does-f-5-permanent-residency-korea-cause-problems-experts-explain/,2026-08-22
WORDPRESS,k-visa365.com,56,https://k-visa365.com/why-does-d-4-visa-korea-cause-problems-experts-explain/,2026-08-20
WORDPRESS,k-visa365.com,56,https://k-visa365.com/7-mistakes-people-make-with-korea-visa-extension-student/,2026-08-20
WORDPRESS,k-visa365.com,56,https://k-visa365.com/why-does-work-visa-extension-korea-cause-problems-experts-explain/,2026-08-20
WORDPRESS,k-visa365.com,56,https://k-visa365.com/rethinking-part-time-work-student-visa-a-fresh-perspective-for-2026/,2026-08-20
WORDPRESS,k-visa365.com,56,https://k-visa365.com/debunking-common-myths-about-university-admission-visa/,2026-08-19
WORDPRESS,k-visa365.com,56,https://k-visa365.com/dont-overpay-understanding-the-visa-agency-fee-seoul-in-2024/,2026-08-19
WORDPRESS,k-visa365.com,56,https://k-visa365.com/study-reveals-5-in-10-people-misunderstand-f-4-visa-korea/,2026-08-19
WORDPRESS,k-visa365.com,56,https://k-visa365.com/7-things-about-work-visa-document-checklist-your-doctor-wants-you-to-know/,2026-08-17
WORDPRESS,k-visa365.com,56,https://k-visa365.com/,2026-08-12
WORDPRESS,k-visa365.com,56,https://k-visa365.com/stop-making-this-critical-mistake-how-to-properly-handle-your-change-workplace-visa-notice/,2026-08-03
WORDPRESS,k-visa365.com,56,https://k-visa365.com/stop-making-these-costly-mistakes-with-your-criminal-record-check-visa-application/,2026-08-03
WORDPRESS,k-visa365.com,56,https://k-visa365.com/h2-working-visa-for-ethnic-koreans-what-nobody-tells-you-about-your-path-to-korea/,2026-08-03
WORDPRESS,k-visa365.com,56,https://k-visa365.com/category/student-visa/,2026-07-31
WORDPRESS,k-visa365.com,56,https://k-visa365.com/5-things-about-e-9-visa-korea-guide-your-doctor-wants-you-to-know/,2026-07-24
WORDPRESS,k-visa365.com,56,https://k-visa365.com/dont-miss-out-why-the-digital-nomad-visa-korea-is-your-2024-game-changer/,2026-07-23
WORDPRESS,k-visa365.com,56,https://k-visa365.com/korea-visa-extension-student-101-what-first-timers-should-know/,2026-07-22
WORDPRESS,k-visa365.com,56,https://k-visa365.com/dont-wait-the-critical-2024-guide-to-deportation-grounds-visa-violation/,2026-07-19
WORDPRESS,k-visa365.com,56,https://k-visa365.com/the-costly-mistake-many-indonesian-students-make-when-applying-for-a-korea-visa-korea-visa-for-indonesian-students/,2026-07-19
WORDPRESS,k-visa365.com,56,https://k-visa365.com/dont-risk-your-korean-dream-common-mistakes-in-your-korea-visa-for-chinese-students-application/,2026-07-17
WORDPRESS,k-visa365.com,56,https://k-visa365.com/d-2-student-visa-korea-guide-expert-reveals-why-many-applicants-miss-crucial-details/,2026-07-08
WORDPRESS,k-visa365.com,56,https://k-visa365.com/the-f-6-marriage-visa-korea-strategy-nobody-talks-about-that-actually-works/,2026-07-08
WORDPRESS,k-visa365.com,56,https://k-visa365.com/i-found-a-flaw-in-my-f6-marriage-visa-documents-strategy-heres-the-fix/,2026-07-04
WORDPRESS,k-visa365.com,56,https://k-visa365.com/d2-student-visa-documents-the-hidden-traps-you-must-avoid-when-applying-for-study-in-korea/,2026-07-04
WORDPRESS,k-visa365.com,56,https://k-visa365.com/7-critical-steps-to-navigating-your-change-workplace-visa-notice-in-korea/,2026-07-04
WORDPRESS,k-visa365.com,56,https://k-visa365.com/7-critical-insights-into-navigating-the-smart-entry-system-korea/,2026-07-04
WORDPRESS,k-visa365.com,56,https://k-visa365.com/7-essential-facts-about-korea-tourist-visa-requirements-you-need-to-know/,2026-07-04
WORDPRESS,k-visa365.com,56,https://k-visa365.com/the-complete-f5-permanent-residency-guide-you-need-now-for-2026-success/,2026-07-04
WORDPRESS,k-visa365.com,56,https://k-visa365.com/the-complete-working-holiday-visa-korea-guide-you-need-now/,2026-07-04
WORDPRESS,kfinance365.com,46,https://kfinance365.com/,2026-09-12
WORDPRESS,kfinance365.com,46,https://kfinance365.com/page/2/,2026-09-12
WORDPRESS,kfinance365.com,46,https://kfinance365.com/contact/,2026-09-11
WORDPRESS,kfinance365.com,46,https://kfinance365.com/about/,2026-09-09
WORDPRESS,kfinance365.com,46,https://kfinance365.com/korea-credit-card-foreigner-a-closer-look-at-what-really-matters/,2026-09-09
WORDPRESS,kfinance365.com,46,https://kfinance365.com/5-things-to-look-for-when-choosing-korea-tax-refund-foreigner/,2026-09-09
WORDPRESS,kfinance365.com,46,https://kfinance365.com/korea-stock-account-foreigner-frequently-overlooked-facts/,2026-09-09
WORDPRESS,kfinance365.com,46,https://kfinance365.com/startup-funding-korea-guide-debunking-myths-of-early-stage-investment/,2026-09-09
WORDPRESS,kfinance365.com,46,https://kfinance365.com/the-hidden-pitfalls-of-popular-foreigner-invest-korean-stock-market-strategies/,2026-09-09
WORDPRESS,kfinance365.com,46,https://kfinance365.com/practical-strategies-for-utilizing-tax-treaties-to-avoid-double-taxation-between-korea-and-foreign-countries-essential-guide-for-global-efficiency/,2026-09-08
WORDPRESS,kfinance365.com,46,https://kfinance365.com/korea-etf-for-foreigners-common-points-of-confusion-cleared-up/,2026-09-08
WORDPRESS,kfinance365.com,46,https://kfinance365.com/why-does-best-robo-advisor-korea-cause-problems-experts-explain/,2026-09-08
WORDPRESS,kfinance365.com,46,https://kfinance365.com/category/foreigner-tax-refund/,2026-09-07
WORDPRESS,kfinance365.com,46,https://kfinance365.com/category/foreigner-banking-remittance/,2026-09-06
WORDPRESS,kfinance365.com,46,https://kfinance365.com/online-banking-korea-foreigner-101-what-first-timers-should-know/,2026-09-04
WORDPRESS,kfinance365.com,46,https://kfinance365.com/stop-losing-money-when-you-real-estate-seoul-foreigner-buy/,2026-09-01
WORDPRESS,kfinance365.com,46,https://kfinance365.com/korean-government-bond-for-foreigner-the-hidden-yields-many-miss/,2026-08-30
WORDPRESS,kfinance365.com,46,https://kfinance365.com/a-practical-look-at-korea-gold-investment/,2026-08-25
WORDPRESS,kfinance365.com,46,https://kfinance365.com/foreigner-crypto-investment-korea-your-ultimate-guide-to-navigating-the-korean-market/,2026-08-24
WORDPRESS,kfinance365.com,46,https://kfinance365.com/what-nobody-tells-you-about-foreign-currency-exchange-korea-and-why-it-matters/,2026-08-24
WORDPRESS,kfinance365.com,46,https://kfinance365.com/disclaimer/,2026-08-23
WORDPRESS,kfinance365.com,46,https://kfinance365.com/how-korea-money-transfer-app-actually-works/,2026-08-23
WORDPRESS,kfinance365.com,46,https://kfinance365.com/the-hidden-pitfalls-of-obtaining-a-foreigner-tax-id-korea-an-experts-warning/,2026-08-13
WORDPRESS,kfinance365.com,46,https://kfinance365.com/page/7/,2026-08-05
WORDPRESS,kfinance365.com,46,https://kfinance365.com/tax-deduction-for-foreigners-in-korea-what-they-dont-tell-you/,2026-08-02
WORDPRESS,kfinance365.com,46,https://kfinance365.com/p2p-lending-korea-foreigner-unveiling-the-unseen-risks-and-rewards/,2026-08-02
WORDPRESS,kfinance365.com,46,https://kfinance365.com/bank-transfer-limit-korea-foreigner-frequently-overlooked-facts/,2026-07-31
WORDPRESS,kfinance365.com,46,https://kfinance365.com/the-contrarian-view-on-your-foreigner-investment-account-korea-strategy/,2026-07-31
WORDPRESS,kfinance365.com,46,https://kfinance365.com/what-nobody-tells-you-about-korea-bank-account-foreigner-guide-and-why-it-matters/,2026-07-30
WORDPRESS,kfinance365.com,46,https://kfinance365.com/stop-losing-money-your-essential-double-tax-treaty-korea-list-guide/,2026-07-26
WORDPRESS,kfinance365.com,46,https://kfinance365.com/is-a-high-interest-savings-account-in-korea-your-best-bet-for-growth-in-2024/,2026-07-25
WORDPRESS,kfinance365.com,46,https://kfinance365.com/page/5/,2026-07-25
WORDPRESS,kfinance365.com,46,https://kfinance365.com/page/6/,2026-07-25
WORDPRESS,kfinance365.com,46,https://kfinance365.com/korea-gold-investment-a-closer-look-at-what-really-matters/,2026-07-24
WORDPRESS,kfinance365.com,46,https://kfinance365.com/korea-atm-withdrawal-fee-that-cost-a-fortune-korea-atm-withdrawal-fee-foreigner/,2026-07-23
WORDPRESS,kfinance365.com,46,https://kfinance365.com/before-you-try-investing-read-this-first/,2026-07-22
WORDPRESS,kfinance365.com,46,https://kfinance365.com/behind-the-scenes-what-best-bank-korea-expats-actually-involves/,2026-07-22
WORDPRESS,kfinance365.com,46,https://kfinance365.com/page/4/,2026-07-21
WORDPRESS,kfinance365.com,46,https://kfinance365.com/income-tax-filing-for-foreigners-in-korea-your-essential-guide/,2026-07-11
WORDPRESS,kfinance365.com,46,https://kfinance365.com/kospi-stock-buy-foreigner-guide-navigating-the-korean-market/,2026-07-10
WORDPRESS,kfinance365.com,46,https://kfinance365.com/what-a-best-credit-card-foreigner-korea-expert-does-differently-and-you-can-too/,2026-07-03
WORDPRESS,kfinance365.com,46,https://kfinance365.com/gold-investment-korea-foreigner-why-traditional-advice-fails-and-what-savvy-investors-do/,2026-07-03
WORDPRESS,kfinance365.com,46,https://kfinance365.com/my-15-year-seoul-property-journey-unpacking-the-nuances-of-real-estate-seoul-foreigner-buy/,2026-07-02
WORDPRESS,kfinance365.com,46,https://kfinance365.com/the-uncomfortable-truth-about-double-tax-treaty-korea-list-most-people-ignore/,2026-07-02
WORDPRESS,kfinance365.com,46,https://kfinance365.com/category/real-estate-finance/,2026-06-27
WORDPRESS,kfinance365.com,46,https://kfinance365.com/category/retirement-planning/,2026-06-25
WORDPRESS,ki-korea.com,69,https://ki-korea.com/,2026-09-15
WORDPRESS,ki-korea.com,69,https://ki-korea.com/contact/,2026-09-13
WORDPRESS,ki-korea.com,69,https://ki-korea.com/minimum-capital-foreign-company-korea-frequently-confused-points/,2026-09-13
WORDPRESS,ki-korea.com,69,https://ki-korea.com/samsung-electronics-hvac-production-line-gwangju-a-beginners-starting-point/,2026-09-13
WORDPRESS,ki-korea.com,69,https://ki-korea.com/due-diligence-routes-for-foreign-investors-aml-checks-korea-business-2026-compliance-structures-and-registration-steps/,2026-09-12
WORDPRESS,ki-korea.com,69,https://ki-korea.com/national-security-review-fdi-korea-routes-filing-triggers-costs-timelines-and-official-contacts-for-foreign-investors/,2026-09-12
WORDPRESS,ki-korea.com,69,https://ki-korea.com/regulatory-permit-streamlining-korea-routes-structures-registration-steps-and-official-contacts-for-foreign-investors/,2026-09-12
WORDPRESS,ki-korea.com,69,https://ki-korea.com/author/hyejin-kang/,2026-09-11
WORDPRESS,ki-korea.com,69,https://ki-korea.com/uganda-woos-korean-investors-entry-routes-legal-forms-registration-steps-costs-and-incentives-for-establishing-business-in-uganda/,2026-09-08
WORDPRESS,ki-korea.com,69,https://ki-korea.com/krafton-chairman-meets-policymakers-practical-fdi-routes-and-company-establishment-options-for-foreign-investors-in-korea/,2026-09-08
WORDPRESS,ki-korea.com,69,https://ki-korea.com/privacy-policy/,2026-09-01
WORDPRESS,ki-korea.com,69,https://ki-korea.com/author/brian-choi/,2026-09-01
WORDPRESS,ki-korea.com,69,https://ki-korea.com/category/real-estate-subscription/,2026-08-30
WORDPRESS,ki-korea.com,69,https://ki-korea.com/author/jihoon-yoon/,2026-08-30
WORDPRESS,ki-korea.com,69,https://ki-korea.com/disclaimer/,2026-08-30
WORDPRESS,ki-korea.com,69,https://ki-korea.com/author/jaewon-kim/,2026-08-30
WORDPRESS,ki-korea.com,69,https://ki-korea.com/author/chaewon-lim/,2026-08-29
WORDPRESS,ki-korea.com,69,https://ki-korea.com/about/,2026-08-27
WORDPRESS,ki-korea.com,69,https://ki-korea.com/author/sunghoon-park/,2026-08-27
WORDPRESS,ki-korea.com,69,https://ki-korea.com/shin-kim-bj-investia-legal-consulting-from-someone-whos-been-there/,2026-08-24
WORDPRESS,ki-korea.com,69,https://ki-korea.com/the-real-cost-of-퇴직금-굴리기-what-to-expect/,2026-08-22
WORDPRESS,ki-korea.com,69,https://ki-korea.com/isa계좌-추천-qa-answers-from-the-field/,2026-08-19
WORDPRESS,ki-korea.com,69,https://ki-korea.com/author/nathan-oh/,2026-08-18
WORDPRESS,ki-korea.com,69,https://ki-korea.com/전세보증금-반환보증-from-someone-whos-been-there/,2026-08-18
WORDPRESS,ki-korea.com,69,https://ki-korea.com/성공적인-내-집-마련-부동산-경매-입문으로-시작/,2026-08-13
WORDPRESS,ki-korea.com,69,https://ki-korea.com/page/6/,2026-08-12
WORDPRESS,ki-korea.com,69,https://ki-korea.com/the-uncomfortable-truth-about-한국-로보어드바이저-추천-most-people-ignore/,2026-08-11
WORDPRESS,ki-korea.com,69,https://ki-korea.com/author/thomas-lim/,2026-08-10
WORDPRESS,ki-korea.com,69,https://ki-korea.com/퇴직연금-수익률-details-that-are-easy-to-miss/,2026-08-10
WORDPRESS,ki-korea.com,69,https://ki-korea.com/청약-당첨-전략-checklist-you-shouldnt-skip/,2026-08-09
WORDPRESS,ki-korea.com,69,https://ki-korea.com/3-things-to-check-before-분양권-전매/,2026-08-09
WORDPRESS,ki-korea.com,69,https://ki-korea.com/공모주-청약방법-a-beginners-starting-point/,2026-08-05
WORDPRESS,ki-korea.com,69,https://ki-korea.com/unlock-wealth-top-한국-배당주-추천-for-smart-investors-in-2024/,2026-08-03
WORDPRESS,ki-korea.com,69,https://ki-korea.com/7-questions-people-ask-about-청약-당첨-전략/,2026-08-03
WORDPRESS,ki-korea.com,69,https://ki-korea.com/isa계좌-추천-step-by-step/,2026-08-02
WORDPRESS,ki-korea.com,69,https://ki-korea.com/the-real-cost-of-개인연금-추천-what-to-expect/,2026-08-02
WORDPRESS,ki-korea.com,69,https://ki-korea.com/isa계좌-추천-details-that-are-easy-to-miss/,2026-08-02
WORDPRESS,ki-korea.com,69,https://ki-korea.com/한국-기업-인수합병-투자-성공-vs-실패-전문가가-알려/,2026-08-01
WORDPRESS,ki-korea.com,69,https://ki-korea.com/a-practical-look-at-미국주식-세금-for-international-readers/,2026-08-01
WORDPRESS,ki-korea.com,69,https://ki-korea.com/국민연금-수령액-계산-in-2026-whats-changed/,2026-07-31
WORDPRESS,ki-korea.com,69,https://ki-korea.com/분양권-전매-방법-쉽게-풀어드립니다/,2026-07-31
WORDPRESS,ki-korea.com,69,https://ki-korea.com/주식-세금-신고-방법-궁금증-현장-전문가가-답하다/,2026-07-31
WORDPRESS,ki-korea.com,69,https://ki-korea.com/개인연금-추천-where-to-start/,2026-07-31
WORDPRESS,ki-korea.com,69,https://ki-korea.com/한국-배당주-추천에서-사람들이-자주-하는-9가지-실수/,2026-07-30
WORDPRESS,ki-korea.com,69,https://ki-korea.com/부동산-경매-입문-초보자를-위한-완벽-가이드-성공-투/,2026-07-30
WORDPRESS,ki-korea.com,69,https://ki-korea.com/초보-투자자를-위한-현명한-갭투자-리스크-관리-가이/,2026-07-29
WORDPRESS,ki-korea.com,69,https://ki-korea.com/page/5/,2026-07-29
WORDPRESS,ki-korea.com,69,https://ki-korea.com/토스증권-수수료-혜택-과연-최고일까-다들-잘못-알/,2026-07-29
WORDPRESS,ki-korea.com,69,https://ki-korea.com/연금저축-세액공제-frequently-confused-points/,2026-07-29
WORDPRESS,ki-korea.com,69,https://ki-korea.com/종합소득세-절감-방법-입문-처음이라면-꼭-알아야/,2026-07-28
WORDPRESS,ki-korea.com,69,https://ki-korea.com/퇴직금-굴리기-a-beginners-starting-point/,2026-07-28
WORDPRESS,ki-korea.com,69,https://ki-korea.com/청약-당첨-전략-왜-이런-문제가-생길까-전문가가-답하/,2026-07-28
WORDPRESS,ki-korea.com,69,https://ki-korea.com/부동산-경매-입문-정말-효과가-있을까-솔직한-분석/,2026-07-28
WORDPRESS,ki-korea.com,69,https://ki-korea.com/author/mikyung-lee/,2026-07-27
WORDPRESS,ki-korea.com,69,https://ki-korea.com/연금저축-세액공제-frequently-overlooked-facts/,2026-07-26
WORDPRESS,ki-korea.com,69,https://ki-korea.com/재개발-투자-frequently-overlooked-facts/,2026-07-24
WORDPRESS,ki-korea.com,69,https://ki-korea.com/behind-the-scenes-what-분양권-전매-actually-involves/,2026-07-24
WORDPRESS,ki-korea.com,69,https://ki-korea.com/category/korea-stocks-etf/page/2/,2026-07-23
WORDPRESS,ki-korea.com,69,https://ki-korea.com/author/suyeon-choi/,2026-07-22
WORDPRESS,ki-korea.com,69,https://ki-korea.com/author/doyoon-han/,2026-07-22
WORDPRESS,ki-korea.com,69,https://ki-korea.com/9-mistakes-people-make-with-퇴직금-굴리기/,2026-07-22
WORDPRESS,ki-korea.com,69,https://ki-korea.com/9-things-about-퇴직금-굴리기-your-doctor-wants-you-to-know/,2026-07-21
WORDPRESS,ki-korea.com,69,https://ki-korea.com/한국-기관-외국인-매매-동향-당신의-투자-전략은-과연/,2026-07-08
WORDPRESS,ki-korea.com,69,https://ki-korea.com/the-전세보증금-반환보증-hidden-risk-what-15-years-in-finance-taught-me/,2026-07-07
WORDPRESS,ki-korea.com,69,https://ki-korea.com/author/andrew-kim/,2026-07-05
WORDPRESS,ki-korea.com,69,https://ki-korea.com/the-uncomfortable-truth-about-세금-환급-받는법-most-people-ignore/,2026-07-04
WORDPRESS,ki-korea.com,69,https://ki-korea.com/수출주-vs-내수주-진짜-승자는-한국-내수주-투자-방법/,2026-07-02
WORDPRESS,ki-korea.com,69,https://ki-korea.com/한국-헬스케어주-성장성-이것-모르고-투자하면-100-후회/,2026-07-01
WORDPRESS,ki-korea.com,69,https://ki-korea.com/한국-적립식-투자-전략-다들-잘못-알고-있는-성공의-진/,2026-07-01
WORDPRESS,kieca-korea.org,44,https://kieca-korea.org/,2026-09-12
WORDPRESS,kieca-korea.org,44,https://kieca-korea.org/blog/,2026-09-10
WORDPRESS,kieca-korea.org,44,https://kieca-korea.org/disclaimer/,2026-09-10
WORDPRESS,kieca-korea.org,44,https://kieca-korea.org/privacy-policy/,2026-09-09
WORDPRESS,kieca-korea.org,44,https://kieca-korea.org/the-unseen-hurdles-in-mastering-korean-vocabulary-daily-and-how-to-overcome-them/,2026-09-08
WORDPRESS,kieca-korea.org,44,https://kieca-korea.org/about/,2026-09-08
WORDPRESS,kieca-korea.org,44,https://kieca-korea.org/category/language/,2026-09-06
WORDPRESS,kieca-korea.org,44,https://kieca-korea.org/category/culture/,2026-09-05
WORDPRESS,kieca-korea.org,44,https://kieca-korea.org/proposal/,2026-09-04
WORDPRESS,kieca-korea.org,44,https://kieca-korea.org/contact/,2026-08-27
WORDPRESS,kieca-korea.org,44,https://kieca-korea.org/한국-대학-해외-취업-관련-스카이프-웨비나-개최-핵심/,2026-08-25
WORDPRESS,kieca-korea.org,44,https://kieca-korea.org/한국-전통문화-체험-실제로는-이렇게-진행됩니다/,2026-08-24
WORDPRESS,kieca-korea.org,44,https://kieca-korea.org/한국-기업-인턴-지원에-대해-자주-놓치는-사실들/,2026-08-22
WORDPRESS,kieca-korea.org,44,https://kieca-korea.org/apply/,2026-08-22
WORDPRESS,kieca-korea.org,44,https://kieca-korea.org/한복-체험-프로그램에-대해-의사가-꼭-알려주고-싶은-7/,2026-08-15
WORDPRESS,kieca-korea.org,44,https://kieca-korea.org/한국어-초급-회화-실제로는-어떻게-진행될까/,2026-08-13
WORDPRESS,kieca-korea.org,44,https://kieca-korea.org/2026년-달라진-korean-grammar-beginner-무엇이-바뀌었나/,2026-08-03
WORDPRESS,kieca-korea.org,44,https://kieca-korea.org/전통시장-체험-프로그램-요즘-이렇게-준비합니다/,2026-08-01
WORDPRESS,kieca-korea.org,44,https://kieca-korea.org/한국-전통문화-체험-시작-전에-꼭-읽어야-할-글/,2026-07-30
WORDPRESS,kieca-korea.org,44,https://kieca-korea.org/외국인-채용박람회의-진짜-비용-미리-알아야-할-것/,2026-07-27
WORDPRESS,kieca-korea.org,44,https://kieca-korea.org/blog/page/8/,2026-07-27
WORDPRESS,kieca-korea.org,44,https://kieca-korea.org/한국어-회화-스터디-궁금증-현장-전문가가-답하다/,2026-07-27
WORDPRESS,kieca-korea.org,44,https://kieca-korea.org/korean-music-culture-실제로는-어떻게-진행될까/,2026-07-22
WORDPRESS,kieca-korea.org,44,https://kieca-korea.org/korean-listening-practice-궁금증-현장-전문가가-답하다/,2026-07-21
WORDPRESS,kieca-korea.org,44,https://kieca-korea.org/전통시장-체험-프로그램-제대로-대처하는-법-전문/,2026-07-21
WORDPRESS,kieca-korea.org,44,https://kieca-korea.org/korean-traditional-culture-experience-정말-효과가-있을까-솔직한-분석/,2026-07-18
WORDPRESS,kieca-korea.org,44,https://kieca-korea.org/글로벌-인재를-위한-한국-역사-교육-korean-history-for-foreigners-프로그/,2026-07-14
WORDPRESS,kieca-korea.org,44,https://kieca-korea.org/career-fair-korea-international-당신이-알고-있던-것은-틀렸다/,2026-07-14
WORDPRESS,kieca-korea.org,44,https://kieca-korea.org/korean-art-appreciation-왜-이런-문제가-생길까-전문가가-답하다/,2026-07-13
WORDPRESS,kieca-korea.org,44,https://kieca-korea.org/국제교육-선도를-위한-kieca의-career-fair-korea-international-전략과-비전/,2026-07-12
WORDPRESS,kieca-korea.org,44,https://kieca-korea.org/korean-pronunciation-tips-때문에-힘드셨나요-전문가가-알려주는-해결/,2026-07-12
WORDPRESS,kieca-korea.org,44,https://kieca-korea.org/국제교육교류를-통한-korean-food-culture-understanding-증진-방안/,2026-07-12
WORDPRESS,kieca-korea.org,44,https://kieca-korea.org/한국-방문-사찰-예절temple-visit-korea-etiquette-완전-정복-국제교육교류/,2026-07-12
WORDPRESS,kieca-korea.org,44,https://kieca-korea.org/글로벌-학습자를-위한-최적의-온라인-한국어-교육-과/,2026-07-12
WORDPRESS,kieca-korea.org,44,https://kieca-korea.org/unlock-your-potential-building-your-professional-network-in-seoul/,2026-07-11
WORDPRESS,kieca-korea.org,44,https://kieca-korea.org/what-nobody-tells-you-about-korean-history-for-foreigners-and-why-it-matters/,2026-07-11
WORDPRESS,kieca-korea.org,44,https://kieca-korea.org/beyond-textbooks-unlocking-true-understanding-of-korean-history-for-foreigners/,2026-07-11
WORDPRESS,kieca-korea.org,44,https://kieca-korea.org/unlock-your-korean-speaking-confidence-your-comprehensive-guide-to-fluency/,2026-07-11
WORDPRESS,kieca-korea.org,44,https://kieca-korea.org/the-unforeseen-challenges-in-your-expat-career-korea-guide/,2026-07-10
WORDPRESS,kieca-korea.org,44,https://kieca-korea.org/성공적인-한국-유학을-위한-7가지-핵심-한국-기숙사-생/,2026-07-02
WORDPRESS,kieca-korea.org,44,https://kieca-korea.org/unpacking-the-nuances-of-쿠팡-배달의민족-외국인-사용-방법-an-experts-perspective/,2026-07-02
WORDPRESS,kieca-korea.org,44,https://kieca-korea.org/author/jihoon-yoon/,2026-07-02
WORDPRESS,kieca-korea.org,44,https://kieca-korea.org/한국어-교원-자격증-이것-모르고-시작하면-100-후회하는/,2026-07-01
WORDPRESS,kieca-korea.org,44,https://kieca-korea.org/page/2/,2026-07-01
WORDPRESS,korea365.org,108,https://korea365.org/what-newcomers-should-prepare-when-us-travel-records-tied-to-trump-administration-policies-trigger-extra-checks-at-korean-immigration/,2026-09-12
WORDPRESS,korea365.org,108,https://korea365.org/what-newcomers-with-us-ties-should-do-first-at-korean-immigration-after-trump-era-travel-reports/,2026-09-11
WORDPRESS,korea365.org,108,https://korea365.org/when-us-policy-history-matters-at-korea-arrival-practical-steps-for-newcomers-with-trump-era-travel-footprints/,2026-09-11
WORDPRESS,korea365.org,108,https://korea365.org/if-your-district-contact-is-김승원-practical-steps-to-complete-newcomer-registrations-and-public-services/,2026-09-10
WORDPRESS,korea365.org,108,https://korea365.org/how-trump-related-us-policy-shifts-can-affect-newcomers-in-korea-practical-steps-for-visas-travel-and-local-services/,2026-09-10
WORDPRESS,korea365.org,108,https://korea365.org/how-iranian-nationals-register-and-access-essential-public-services-after-arriving-in-south-korea/,2026-09-10
WORDPRESS,korea365.org,108,https://korea365.org/how-to-use-mp-김승원s-constituency-office-to-resolve-residency-visa-and-municipal-tasks/,2026-09-10
WORDPRESS,korea365.org,108,https://korea365.org/how-trump-linked-us-policy-shifts-can-affect-newcomers-visas-travel-and-local-services-in-south-korea/,2026-09-10
WORDPRESS,korea365.org,108,https://korea365.org/,2026-09-10
WORDPRESS,korea365.org,108,https://korea365.org/getting-korean-traditional-market-etiquette-guide-for-first-time-visitors-right-the-first-time/,2026-08-27
WORDPRESS,korea365.org,108,https://korea365.org/폭염-대응-범정부-협력-checklist-you-shouldnt-skip/,2026-08-25
WORDPRESS,korea365.org,108,https://korea365.org/korean-restaurant-etiquette-7-ways-to-master-your-meal-like-a-local/,2026-08-24
WORDPRESS,korea365.org,108,https://korea365.org/korean-internet-wifi-guide-your-complete-2024-hyper-speed-journey/,2026-08-24
WORDPRESS,korea365.org,108,https://korea365.org/essential-business-etiquette-for-meeting-korean-partners/,2026-08-24
WORDPRESS,korea365.org,108,https://korea365.org/emergency-services-korea-foreigners-your-2024-vital-guide/,2026-08-24
WORDPRESS,korea365.org,108,https://korea365.org/stop-overpaying-your-guide-to-mastering-the-korean-folk-village-ticket-price/,2026-08-24
WORDPRESS,korea365.org,108,https://korea365.org/hidden-gems-seoul-a-closer-look/,2026-08-24
WORDPRESS,korea365.org,108,https://korea365.org/what-3-months-of-temple-stay-experience-korea-research-taught-me-that-no-one-talks-about/,2026-08-24
WORDPRESS,korea365.org,108,https://korea365.org/korea-cherry-blossom-spots-frequently-overlooked-facts/,2026-08-24
WORDPRESS,korea365.org,108,https://korea365.org/unraveling-the-intricacies-of-recycling-rules-for-expats-in-korea/,2026-08-24
WORDPRESS,korea365.org,108,https://korea365.org/understanding-the-significance-of-bowing-and-social-ranking/,2026-08-24
WORDPRESS,korea365.org,108,https://korea365.org/stop-wasting-money-on-hongdae-nightlife-guide-what-actually-works-in-practice/,2026-08-24
WORDPRESS,korea365.org,108,https://korea365.org/category/korean-culture/page/2/,2026-08-24
WORDPRESS,korea365.org,108,https://korea365.org/how-korea-cherry-blossom-spots-actually-works/,2026-08-24
WORDPRESS,korea365.org,108,https://korea365.org/beyond-bibimbap-what-nobody-tells-you-about-korea-korean-cuisine-history-overview/,2026-08-24
WORDPRESS,korea365.org,108,https://korea365.org/category/korean-culture/page/5/,2026-08-24
WORDPRESS,korea365.org,108,https://korea365.org/category/living-in-korea/,2026-08-24
WORDPRESS,korea365.org,108,https://korea365.org/study-reveals-4-in-10-people-misunderstand-korea-bank-account-setup-guide/,2026-08-24
WORDPRESS,korea365.org,108,https://korea365.org/4-mistakes-people-make-with-learning-korean-tips-expat/,2026-08-24
WORDPRESS,korea365.org,108,https://korea365.org/the-truth-about-korean-recycling-rules-expats-often-get-wrong/,2026-08-24
WORDPRESS,korea365.org,108,https://korea365.org/korean-cafe-culture-guide-top-7-secrets-unveiled-2024/,2026-08-24
WORDPRESS,korea365.org,108,https://korea365.org/korean-work-culture-7-surprising-truths-revealed/,2026-08-24
WORDPRESS,korea365.org,108,https://korea365.org/the-complete-guide-why-knowing-how-to-wear-hanbok-correctly-matters-more-than-ever-in-2024/,2026-08-24
WORDPRESS,korea365.org,108,https://korea365.org/8-things-to-look-for-when-choosing-korea-grocery-shopping-guide/,2026-08-24
WORDPRESS,korea365.org,108,https://korea365.org/are-you-ready-for-the-ultimate-jimjilbang-first-time-guide-experience-in-korea/,2026-08-24
WORDPRESS,korea365.org,108,https://korea365.org/i-scored-80-off-my-insadong-shopping-guide-finds-heres-how/,2026-08-24
WORDPRESS,korea365.org,108,https://korea365.org/navigating-the-dmz-is-your-dmz-tour-booking-guide-up-to-date-for-2024/,2026-08-24
WORDPRESS,korea365.org,108,https://korea365.org/how-to-apply-for-and-renew-your-alien-registration-card-arc/,2026-08-24
WORDPRESS,korea365.org,108,https://korea365.org/are-korean-superstitions-really-just-ancient-beliefs-or-do-they-still-shape-modern-life/,2026-08-24
WORDPRESS,korea365.org,108,https://korea365.org/navigating-the-labyrinth-an-expats-guide-to-apartment-hunting-in-seoul/,2026-08-24
WORDPRESS,korea365.org,108,https://korea365.org/dont-wait-essential-noreabang-korean-karaoke-tips-you-need-to-master-before-your-next-visit/,2026-08-24
WORDPRESS,korea365.org,108,https://korea365.org/korean-etiquette-what-tourists-get-wrong-and-how-to-get-it-right-korean-etiquette-tips-tourists/,2026-08-24
WORDPRESS,korea365.org,108,https://korea365.org/is-a-temple-stay-experience-in-korea-truly-a-transformative-journey-temple-stay-experience-korea/,2026-08-24
WORDPRESS,korea365.org,108,https://korea365.org/the-role-of-hoesik-in-building-professional-relationships/,2026-08-24
WORDPRESS,korea365.org,108,https://korea365.org/why-the-korea-korean-pop-culture-global-influence-demands-immediate-attention-in-2024/,2026-08-24
WORDPRESS,korea365.org,108,https://korea365.org/chuseok-celebration-guide-unveiling-koreas-harvest-moon-festival/,2026-08-24
WORDPRESS,korea365.org,108,https://korea365.org/how-cost-of-living-seoul-2026-has-changed-in-2026/,2026-08-24
WORDPRESS,korea365.org,108,https://korea365.org/do-korean-superstitions-really-shape-modern-life-and-culture/,2026-08-24
WORDPRESS,korea365.org,108,https://korea365.org/3-mistakes-people-make-with-seollal-new-year-korea/,2026-08-24
WORDPRESS,korea365.org,108,https://korea365.org/what-nobody-tells-you-about-your-hanok-stay-recommendation-seoul/,2026-08-24
WORDPRESS,korea365.org,108,https://korea365.org/korean-nightlife-guide-seoul-top-7-unforgettable-adventures-2024/,2026-08-24
WORDPRESS,korea365.org,108,https://korea365.org/korean-calligraphy-experience-vs-what-you-think-you-know-key-differences/,2026-08-24
WORDPRESS,korea365.org,108,https://korea365.org/comprehensive-guide-to-south-koreas-visa-categories/,2026-08-24
WORDPRESS,korea365.org,108,https://korea365.org/chuseok-holiday-korea-guide-your-complete-2024-celebration-plan/,2026-08-24
WORDPRESS,korea365.org,108,https://korea365.org/the-complete-hongdae-nightlife-guide-you-need-now/,2026-08-24
WORDPRESS,korea365.org,108,https://korea365.org/korean-cooking-classes-seoul-unforgettable-culinary-journeys-2024/,2026-08-24
WORDPRESS,korea365.org,108,https://korea365.org/stop-missing-out-your-ultimate-hongdae-nightlife-guide-for-an-unforgettable-experience/,2026-08-24
WORDPRESS,korea365.org,108,https://korea365.org/what-makes-korean-street-food-so-irresistible-experts-explain/,2026-08-24
WORDPRESS,korea365.org,108,https://korea365.org/the-real-cost-of-korea-weekend-trip-ideas-what-to-expect/,2026-08-24
WORDPRESS,korea365.org,108,https://korea365.org/making-friends-in-korea-7-easy-tips-to-connect-thrive/,2026-08-24
WORDPRESS,korea365.org,108,https://korea365.org/7-things-about-taekwondo-your-doctor-wants-you-to-know/,2026-08-24
WORDPRESS,korea365.org,108,https://korea365.org/the-soulful-slurp-unpacking-korean-ramen-vs-japanese-ramen/,2026-08-24
WORDPRESS,korea365.org,108,https://korea365.org/category/travel-food/page/2/,2026-08-24
WORDPRESS,korea365.org,108,https://korea365.org/what-nobody-tells-you-about-korean-ramen-vs-japanese-ramen/,2026-08-24
WORDPRESS,korea365.org,108,https://korea365.org/community-for-expat-seoul-vs-what-you-think-you-know-key-differences/,2026-08-24
WORDPRESS,korea365.org,108,https://korea365.org/stop-losing-money-on-seoul-travel-your-essential-seoul-transportation-card-guide/,2026-08-24
WORDPRESS,korea365.org,108,https://korea365.org/7-things-to-check-before-korea-bank-account-setup-guide/,2026-08-24
WORDPRESS,korea365.org,108,https://korea365.org/the-truth-about-korean-drinking-culture-that-most-people-get-wrong/,2026-08-24
WORDPRESS,korea365.org,108,https://korea365.org/about/,2026-08-24
WORDPRESS,korea365.org,108,https://korea365.org/traditional-korean-market-101-what-first-timers-should-know/,2026-08-24
WORDPRESS,korea365.org,108,https://korea365.org/navigating-seouls-urban-labyrinth-the-expats-guide-to-apartment-hunting/,2026-08-24
WORDPRESS,korea365.org,108,https://korea365.org/korean-holidays-explained-in-2026-whats-changed/,2026-08-24
WORDPRESS,korea365.org,108,https://korea365.org/what-nobody-tells-you-about-korean-traditional-music/,2026-08-24
WORDPRESS,korea365.org,108,https://korea365.org/stop-missing-out-the-untapped-joy-of-a-korean-pottery-class-experience/,2026-08-24
WORDPRESS,korea365.org,108,https://korea365.org/korean-drinking-culture-frequently-confused-points/,2026-08-24
WORDPRESS,korea365.org,108,https://korea365.org/is-itaewon-truly-the-most-foreigner-friendly-area-in-seoul-for-2024/,2026-08-24
WORDPRESS,korea365.org,108,https://korea365.org/a-practical-look-at-korea-recycling-rules-foreigner-for-international-readers/,2026-08-24
WORDPRESS,korea365.org,108,https://korea365.org/dont-lose-money-the-seoul-transportation-card-mistakes-every-tourist-makes-seoul-transportation-card-guide/,2026-08-24
WORDPRESS,korea365.org,108,https://korea365.org/fluent-vs-functional-why-these-useful-korean-phrases-for-travel-are-all-you-really-need/,2026-08-24
WORDPRESS,korea365.org,108,https://korea365.org/korea-recycling-rules-foreigner-what-to-prepare-first/,2026-08-24
WORDPRESS,korea365.org,108,https://korea365.org/before-you-try-learning-korean-tips-expat-read-this-first/,2026-08-24
WORDPRESS,korea365.org,108,https://korea365.org/korean-language-apps-review-top-7-to-master-hangeul-fast/,2026-08-24
WORDPRESS,korea365.org,108,https://korea365.org/are-you-missing-out-on-the-best-han-river-picnic-spot-recommendations-in-seoul/,2026-08-24
WORDPRESS,korea365.org,108,https://korea365.org/category/korean-culture/,2026-08-24
WORDPRESS,korea365.org,108,https://korea365.org/dont-miss-out-why-your-hanok-stay-recommendation-seoul-needs-to-be-booked-now/,2026-08-24
WORDPRESS,korea365.org,108,https://korea365.org/korea-grocery-shopping-guide-explained-in-plain-english/,2026-08-24
WORDPRESS,korea365.org,108,https://korea365.org/category/travel-food/,2026-08-24
WORDPRESS,korea365.org,108,https://korea365.org/privacy-policy/,2026-08-24
WORDPRESS,korea365.org,108,https://korea365.org/before-you-try-korean-restaurant-etiquette-read-this-first/,2026-08-24
WORDPRESS,korea365.org,108,https://korea365.org/are-you-maximizing-your-savings-with-a-seoul-transportation-card-guide-in-2024/,2026-08-24
WORDPRESS,korea365.org,108,https://korea365.org/disclaimer/,2026-08-24
WORDPRESS,korea365.org,108,https://korea365.org/korea-phone-plan-foreigner-101-where-first-timers-should-begin/,2026-08-24
WORDPRESS,korea365.org,108,https://korea365.org/korean-dining-etiquette-what-to-prepare-first/,2026-08-24
WORDPRESS,korea365.org,108,https://korea365.org/korea-apartment-utilities-guide-explained-simply/,2026-08-24
WORDPRESS,korea365.org,108,https://korea365.org/planning-for-korean-drinking-culture-start-here/,2026-08-24
WORDPRESS,korea365.org,108,https://korea365.org/korea-public-transportation-guide-what-to-prepare-first/,2026-08-24
WORDPRESS,korea365.org,108,https://korea365.org/korean-martial-arts-taekwondo-frequently-overlooked-facts/,2026-08-24
WORDPRESS,korea365.org,108,https://korea365.org/5-questions-people-ask-about-korea-subway-fare-2026/,2026-08-24
WORDPRESS,korea365.org,108,https://korea365.org/how-korea-grocery-shopping-guide-has-changed-in-2026/,2026-08-24
WORDPRESS,korea365.org,108,https://korea365.org/4-things-to-check-before-korea-grocery-shopping-guide/,2026-08-24
WORDPRESS,korea365.org,108,https://korea365.org/6-things-to-check-before-korea-bank-account-2026-requirements/,2026-08-24
WORDPRESS,korea365.org,108,https://korea365.org/contact/,2026-08-24
WORDPRESS,korea365.org,108,https://korea365.org/planning-for-korea-recycling-rules-foreigner-start-here/,2026-08-24
WORDPRESS,korea365.org,108,https://korea365.org/save-time-and-money-on-korean-dining-etiquette/,2026-08-24
WORDPRESS,korea365.org,108,https://korea365.org/korea-bank-account-setup-guide-broken-down-step-by-step/,2026-08-24
WORDPRESS,korea365.org,108,https://korea365.org/getting-hidden-gems-seoul-right-the-first-time/,2026-08-24
WORDPRESS,korea365.org,108,https://korea365.org/3-things-to-check-before-hidden-gems-seoul/,2026-08-24
WORDPRESS,korea365.org,108,https://korea365.org/how-to-find-and-rent-an-apartment-in-south-korea/,2026-07-30
WORDPRESS,koreacrypto365.com,20,https://koreacrypto365.com/,2026-08-23
WORDPRESS,koreacrypto365.com,20,https://koreacrypto365.com/is-your-crypto-safe-unpacking-koreas-exchange-hacking-history-korea-crypto-exchange-hacking-history/,2026-08-12
WORDPRESS,koreacrypto365.com,20,https://koreacrypto365.com/top-korean-blockchain-projects-to-watch-in-2026/,2026-08-12
WORDPRESS,koreacrypto365.com,20,https://koreacrypto365.com/why-your-korea-crypto-savings-account-interest-might-not-be-what-you-expect/,2026-08-12
WORDPRESS,koreacrypto365.com,20,https://koreacrypto365.com/the-costly-oversight-why-your-korea-crypto-hardware-wallet-purchase-korea-strategy-is-failing/,2026-08-12
WORDPRESS,koreacrypto365.com,20,https://koreacrypto365.com/korea-crypto-exchange-comparison-checklist-you-shouldnt-skip/,2026-08-01
WORDPRESS,koreacrypto365.com,20,https://koreacrypto365.com/what-nobody-tells-you-about-coinone-signup-guide/,2026-07-23
WORDPRESS,koreacrypto365.com,20,https://koreacrypto365.com/the-blockchain-hub-busan-guide-what-15-years-in-crypto-taught-me-about-its-real-potential/,2026-07-23
WORDPRESS,koreacrypto365.com,20,https://koreacrypto365.com/study-reveals-3-in-10-people-misunderstand-crypto-trading-strategy-korea/,2026-07-17
WORDPRESS,koreacrypto365.com,20,https://koreacrypto365.com/what-nobody-tells-you-about-upbit-registration-foreigner-guide/,2026-07-17
WORDPRESS,koreacrypto365.com,20,https://koreacrypto365.com/before-you-try-korea-crypto-aml-rules-read-this-first/,2026-07-17
WORDPRESS,koreacrypto365.com,20,https://koreacrypto365.com/what-nobody-tells-you-about-coinone-signup-foreigner-korea/,2026-07-17
WORDPRESS,koreacrypto365.com,20,https://koreacrypto365.com/privacy-policy/,2026-07-15
WORDPRESS,koreacrypto365.com,20,https://koreacrypto365.com/why-cold-wallet-security-matters-more-than-ever-in-2024-dont-wait-to-protect-your-crypto-assets-cold-wallet-security-guide/,2026-07-15
WORDPRESS,koreacrypto365.com,20,https://koreacrypto365.com/upbit-registration-foreigner-guide-navigating-koreas-crypto-landscape/,2026-07-15
WORDPRESS,koreacrypto365.com,20,https://koreacrypto365.com/korea-crypto-aml-kyc-requirements-what-nobody-tells-you-about-surviving-the-regulatory-maze/,2026-07-15
WORDPRESS,koreacrypto365.com,20,https://koreacrypto365.com/warning-the-escalating-threat-of-crypto-hacking-korea-cases-and-how-to-protect-your-assets/,2026-07-15
WORDPRESS,koreacrypto365.com,20,https://koreacrypto365.com/navigating-the-landscape-of-fsc-crypto-policy-korea-a-2024-update/,2026-07-15
WORDPRESS,koreacrypto365.com,20,https://koreacrypto365.com/is-the-bitcoin-price-korea-premium-a-sustainable-opportunity-in-2024/,2026-07-15
WORDPRESS,koreacrypto365.com,20,https://koreacrypto365.com/crypto-tax-korea-reporting-qa-answers-from-the-field/,2026-07-15
WORDPRESS,koreainsurance365.com,31,https://koreainsurance365.com/category/foreigner-auto-insurance/,2026-09-14
WORDPRESS,koreainsurance365.com,31,https://koreainsurance365.com/deciding-whether-to-enroll-eligibility-coverage-and-claims-for-foreign-seasonal-worker-health-insurance-2026/,2026-09-12
WORDPRESS,koreainsurance365.com,31,https://koreainsurance365.com/,2026-09-12
WORDPRESS,koreainsurance365.com,31,https://koreainsurance365.com/family-visa-nhis-waiting-period-exemption-who-qualifies-what-it-covers-and-how-to-enroll/,2026-09-12
WORDPRESS,koreainsurance365.com,31,https://koreainsurance365.com/student-nhis-enrollment-processing-time-expected-timelines-and-practical-steps-for-foreign-students/,2026-09-12
WORDPRESS,koreainsurance365.com,31,https://koreainsurance365.com/category/foreigner-health-insurance/,2026-09-12
WORDPRESS,koreainsurance365.com,31,https://koreainsurance365.com/category/foreigner-dental-insurance/,2026-09-10
WORDPRESS,koreainsurance365.com,31,https://koreainsurance365.com/korea-insurance-premium-calculator-101-where-first-timers-should-begin/,2026-09-10
WORDPRESS,koreainsurance365.com,31,https://koreainsurance365.com/page/3/?orderby=date,2026-09-09
WORDPRESS,koreainsurance365.com,31,https://koreainsurance365.com/buying-hanwha-life-insurance-in-korea-what-foreign-residents-need-to-know-about-eligibility-coverage-and-claims/,2026-09-09
WORDPRESS,koreainsurance365.com,31,https://koreainsurance365.com/disclaimer/,2026-09-09
WORDPRESS,koreainsurance365.com,31,https://koreainsurance365.com/page/4/,2026-09-09
WORDPRESS,koreainsurance365.com,31,https://koreainsurance365.com/card-loans-and-insurance-for-foreign-residents-in-korea-eligibility-enrollment-coverage-and-claims/,2026-09-07
WORDPRESS,koreainsurance365.com,31,https://koreainsurance365.com/how-card-loans-affect-foreign-residents-in-korea-eligibility-coverage-terms-and-claims/,2026-09-07
WORDPRESS,koreainsurance365.com,31,https://koreainsurance365.com/how-the-life-insurance-association-affects-eligibility-coverage-and-claims-for-foreign-residents-in-korea/,2026-09-07
WORDPRESS,koreainsurance365.com,31,https://koreainsurance365.com/privacy-policy/,2026-09-07
WORDPRESS,koreainsurance365.com,31,https://koreainsurance365.com/read-korean-insurance-exclusions-and-renewal-terms-before-you-sign/,2026-09-04
WORDPRESS,koreainsurance365.com,31,https://koreainsurance365.com/is-keyman-insurance-a-non-negotiable-asset-for-your-small-business-in-korea/,2026-08-29
WORDPRESS,koreainsurance365.com,31,https://koreainsurance365.com/korea-rental-car-insurance-foreigner-a-closer-look/,2026-08-24
WORDPRESS,koreainsurance365.com,31,https://koreainsurance365.com/page/5/,2026-08-21
WORDPRESS,koreainsurance365.com,31,https://koreainsurance365.com/cheap-car-insurance-korea-explained-simply/,2026-08-20
WORDPRESS,koreainsurance365.com,31,https://koreainsurance365.com/dont-risk-your-future-why-understanding-the-four-major-social-insurance-breakdown-is-critical-now/,2026-08-20
WORDPRESS,koreainsurance365.com,31,https://koreainsurance365.com/page/2/,2026-08-20
WORDPRESS,koreainsurance365.com,31,https://koreainsurance365.com/director-and-officer-liability-insurance-what-boards-get-wrong-and-how-to-fix-it/,2026-08-20
WORDPRESS,koreainsurance365.com,31,https://koreainsurance365.com/dental-insurance-foreigner-in-korea-complete-2026-care-guide/,2026-08-20
WORDPRESS,koreainsurance365.com,31,https://koreainsurance365.com/the-costly-windstorm-flood-insurance-mistake-you-cant-afford-to-make-windstorm-flood-insurance-national-program/,2026-08-20
WORDPRESS,koreainsurance365.com,31,https://koreainsurance365.com/contact/,2026-08-20
WORDPRESS,koreainsurance365.com,31,https://koreainsurance365.com/the-complete-reinsurance-company-korean-re-profile-you-need-now-for-2026/,2026-08-19
WORDPRESS,koreainsurance365.com,31,https://koreainsurance365.com/dont-wait-why-d2-student-health-insurance-reduction-matters-more-than-ever-in-2024/,2026-08-19
WORDPRESS,koreainsurance365.com,31,https://koreainsurance365.com/are-you-fully-prepared-for-your-surrender-charge-life-insurance-contract-an-experts-guide/,2026-08-05
WORDPRESS,koreainsurance365.com,31,https://koreainsurance365.com/privacy-policy-3/,2026-06-25
WORDPRESS,koreainvest365.com,70,https://koreainvest365.com/category/crypto-digital/,2026-09-14
WORDPRESS,koreainvest365.com,70,https://koreainvest365.com/category/korea-stocks/,2026-09-12
WORDPRESS,koreainvest365.com,70,https://koreainvest365.com/contact/,2026-09-09
WORDPRESS,koreainvest365.com,70,https://koreainvest365.com/how-tiger-etf-korea-has-changed-in-2026/,2026-09-09
WORDPRESS,koreainvest365.com,70,https://koreainvest365.com/a-practical-look-at-korea-crypto-regulation-2026-for-international-patients/,2026-09-09
WORDPRESS,koreainvest365.com,70,https://koreainvest365.com/korean-mutual-fund-guide-for-foreigners-your-gateway-to-profitable-investments/,2026-09-09
WORDPRESS,koreainvest365.com,70,https://koreainvest365.com/korean-stock-market-hours-101-what-first-timers-should-know/,2026-09-07
WORDPRESS,koreainvest365.com,70,https://koreainvest365.com/samsung-stock-forecast-step-by-step/,2026-09-07
WORDPRESS,koreainvest365.com,70,https://koreainvest365.com/korea-money-market-fund-101-where-first-timers-should-begin/,2026-09-07
WORDPRESS,koreainvest365.com,70,https://koreainvest365.com/rethinking-kospi-etf-investment-guide-a-fresh-perspective-for-2026/,2026-09-06
WORDPRESS,koreainvest365.com,70,https://koreainvest365.com/the-critical-hyundai-motor-stock-mistakes-every-investor-makes-and-how-to-avoid-them-hyundai-motor-stock-guide/,2026-09-04
WORDPRESS,koreainvest365.com,70,https://koreainvest365.com/stablecoin-korea-investment-from-someone-whos-been-there/,2026-09-02
WORDPRESS,koreainvest365.com,70,https://koreainvest365.com/,2026-09-02
WORDPRESS,koreainvest365.com,70,https://koreainvest365.com/disclaimer/,2026-09-01
WORDPRESS,koreainvest365.com,70,https://koreainvest365.com/how-korea-crypto-etf-has-changed-in-2026/,2026-09-01
WORDPRESS,koreainvest365.com,70,https://koreainvest365.com/is-investing-in-kospi-really-worth-it-for-beginners-in-2024/,2026-09-01
WORDPRESS,koreainvest365.com,70,https://koreainvest365.com/study-reveals-7-in-10-people-misunderstand-korea-stock-account-foreigner/,2026-08-31
WORDPRESS,koreainvest365.com,70,https://koreainvest365.com/the-hidden-side-of-robo-advisor-korea-guide-that-changes-how-you-should-approach-it/,2026-08-30
WORDPRESS,koreainvest365.com,70,https://koreainvest365.com/category/korea-funds-etf/,2026-08-29
WORDPRESS,koreainvest365.com,70,https://koreainvest365.com/about/,2026-08-29
WORDPRESS,koreainvest365.com,70,https://koreainvest365.com/8-mistakes-people-make-with-upbit-account-foreigner-guide/,2026-08-29
WORDPRESS,koreainvest365.com,70,https://koreainvest365.com/why-does-ethereum-staking-korea-cause-problems-experts-explain/,2026-08-29
WORDPRESS,koreainvest365.com,70,https://koreainvest365.com/korea-crypto-regulation-2026-the-unforeseen-impact-on-digital-asset-investments/,2026-08-25
WORDPRESS,koreainvest365.com,70,https://koreainvest365.com/korean-pension-fund-investment-navigating-growth-and-challenges-in-a-dynamic-landscape/,2026-08-25
WORDPRESS,koreainvest365.com,70,https://koreainvest365.com/the-kimchi-premium-explained-why-korean-crypto-prices-differ/,2026-08-25
WORDPRESS,koreainvest365.com,70,https://koreainvest365.com/the-real-risk-of-ethereum-staking-korea-most-investors-miss/,2026-08-25
WORDPRESS,koreainvest365.com,70,https://koreainvest365.com/kodex-etf-comparison-navigating-koreas-dynamic-etf-landscape/,2026-08-25
WORDPRESS,koreainvest365.com,70,https://koreainvest365.com/the-ascendance-of-esg-fund-korea-a-data-driven-analysis/,2026-08-25
WORDPRESS,koreainvest365.com,70,https://koreainvest365.com/an-in-depth-look-at-foreigner-stock-account-korea-dynamics-and-market-impact/,2026-08-25
WORDPRESS,koreainvest365.com,70,https://koreainvest365.com/unlocking-global-opportunities-a-deep-dive-into-korean-pension-fund-investment-strategies/,2026-08-25
WORDPRESS,koreainvest365.com,70,https://koreainvest365.com/5-unspoken-truths-about-korea-bank-stocks-dividend-yield-that-can-make-or-break-your-investment/,2026-08-25
WORDPRESS,koreainvest365.com,70,https://koreainvest365.com/category/korea-stocks/page/2/,2026-08-24
WORDPRESS,koreainvest365.com,70,https://koreainvest365.com/how-to-actually-handle-korea-funds-etf-a-specialists-guide/,2026-08-24
WORDPRESS,koreainvest365.com,70,https://koreainvest365.com/is-korea-bond-fund-really-worth-it-an-honest-breakdown/,2026-08-21
WORDPRESS,koreainvest365.com,70,https://koreainvest365.com/privacy-policy/,2026-08-21
WORDPRESS,koreainvest365.com,70,https://koreainvest365.com/foreign-investor-korea-stocks-step-by-step/,2026-08-17
WORDPRESS,koreainvest365.com,70,https://koreainvest365.com/why-does-defi-korea-investment-cause-problems-experts-explain/,2026-08-16
WORDPRESS,koreainvest365.com,70,https://koreainvest365.com/dont-miss-out-why-a-robo-advisor-korea-guide-is-critical-for-your-investments-in-2024/,2026-08-15
WORDPRESS,koreainvest365.com,70,https://koreainvest365.com/planning-for-kospi-index-today-start-here/,2026-08-09
WORDPRESS,koreainvest365.com,70,https://koreainvest365.com/the-hidden-pitfalls-of-popular-ai-chip-stock-korea-investment-strategies/,2026-08-05
WORDPRESS,koreainvest365.com,70,https://koreainvest365.com/is-gold-investment-in-korea-really-worth-it-in-2024/,2026-08-05
WORDPRESS,koreainvest365.com,70,https://koreainvest365.com/what-nobody-tells-you-about-wealth-management-for-foreigners-in-korea/,2026-08-05
WORDPRESS,koreainvest365.com,70,https://koreainvest365.com/the-real-cost-of-kospi-etf-guide-what-to-expect/,2026-08-05
WORDPRESS,koreainvest365.com,70,https://koreainvest365.com/stop-missing-out-your-essential-bio-stock-korea-guide/,2026-08-05
WORDPRESS,koreainvest365.com,70,https://koreainvest365.com/why-your-ai-chip-stock-korea-portfolio-might-be-underperforming/,2026-08-05
WORDPRESS,koreainvest365.com,70,https://koreainvest365.com/defense-stock-korea-trend-unmasking-the-real-investment-play/,2026-08-03
WORDPRESS,koreainvest365.com,70,https://koreainvest365.com/is-venture-investment-on-kosdaq-your-next-smart-move-in-south-korea/,2026-08-03
WORDPRESS,koreainvest365.com,70,https://koreainvest365.com/stop-missing-out-why-your-ev-battery-stock-korea-strategy-needs-an-urgent-overhaul/,2026-08-03
WORDPRESS,koreainvest365.com,70,https://koreainvest365.com/the-unexpected-impact-of-bitcoin-regulation-korea-explained-on-your-investment-strategy/,2026-08-02
WORDPRESS,koreainvest365.com,70,https://koreainvest365.com/stop-making-these-costly-wealth-management-mistakes-as-a-foreigner-in-korea/,2026-08-02
WORDPRESS,koreainvest365.com,70,https://koreainvest365.com/digital-asset-tax-korea-from-someone-whos-been-there/,2026-08-01
WORDPRESS,koreainvest365.com,70,https://koreainvest365.com/a-practical-look-at-kospi-index-today/,2026-08-01
WORDPRESS,koreainvest365.com,70,https://koreainvest365.com/how-korea-dividend-etf-actually-works/,2026-07-31
WORDPRESS,koreainvest365.com,70,https://koreainvest365.com/korea-blockchain-fund-details-that-are-easy-to-miss/,2026-07-31
WORDPRESS,koreainvest365.com,70,https://koreainvest365.com/8-things-to-check-before-korea-semiconductor-stocks/,2026-07-31
WORDPRESS,koreainvest365.com,70,https://koreainvest365.com/korea-defense-stocks-101-where-first-timers-should-begin/,2026-07-28
WORDPRESS,koreainvest365.com,70,https://koreainvest365.com/a-practical-look-at-best-korea-stocks-2026/,2026-07-27
WORDPRESS,koreainvest365.com,70,https://koreainvest365.com/the-real-cost-of-kodex-etf-review-what-to-expect/,2026-07-26
WORDPRESS,koreainvest365.com,70,https://koreainvest365.com/debunking-common-myths-about-korea-battery-stocks/,2026-07-25
WORDPRESS,koreainvest365.com,70,https://koreainvest365.com/what-nobody-tells-you-about-korea-reit-etf/,2026-07-25
WORDPRESS,koreainvest365.com,70,https://koreainvest365.com/korea-crypto-regulation-2026-frequently-overlooked-facts/,2026-07-17
WORDPRESS,koreainvest365.com,70,https://koreainvest365.com/kospi-investment-guide-foreign-why-most-foreign-investors-miss-critical-opportunities/,2026-07-16
WORDPRESS,koreainvest365.com,70,https://koreainvest365.com/behind-the-scenes-what-korean-defense-stock-investment-actually-involves/,2026-07-15
WORDPRESS,koreainvest365.com,70,https://koreainvest365.com/how-to-actually-handle-kimchi-premium-explained-a-specialists-guide/,2026-07-15
WORDPRESS,koreainvest365.com,70,https://koreainvest365.com/the-truth-about-korea-index-fund-comparison-that-most-people-get-wrong/,2026-07-15
WORDPRESS,koreainvest365.com,70,https://koreainvest365.com/how-to-actually-navigate-upbit-account-foreigner-guide-a-specialists-guide/,2026-07-15
WORDPRESS,koreainvest365.com,70,https://koreainvest365.com/samsung-electronics-stock-analysis-the-hidden-sector-dominance-youre-missing/,2026-07-04
WORDPRESS,koreainvest365.com,70,https://koreainvest365.com/the-unseen-advantage-for-korean-reits-investment-foreigner-navigating-the-emerging-market/,2026-07-04
WORDPRESS,koreainvest365.com,70,https://koreainvest365.com/korean-etf-guide-foreigner-uncovering-hidden-risks-in-your-portfolio/,2026-07-02
WORDPRESS,koreainvest365.com,70,https://koreainvest365.com/the-hidden-costs-of-neglecting-wealth-management-korea-foreigner/,2026-06-30
WORDPRESS,koreamedicaltour.com,21,https://koreamedicaltour.com/samsung-medical-center-price-made-simple/,2026-09-15
WORDPRESS,koreamedicaltour.com,21,https://koreamedicaltour.com/what-a-facial-contouring-korea-review-expert-does-differently-and-you-can-too/,2026-09-12
WORDPRESS,koreamedicaltour.com,21,https://koreamedicaltour.com/navigating-world-class-healthcare-the-power-of-korea-medical-tourism-government-support/,2026-09-12
WORDPRESS,koreamedicaltour.com,21,https://koreamedicaltour.com/unlock-your-dream-look-daegu-plastic-surgery-subsidy-your-gateway-to-affordable-aesthetic-excellence/,2026-09-11
WORDPRESS,koreamedicaltour.com,21,https://koreamedicaltour.com/double-eyelid-surgery-korea-your-complete-2026-guide-to-stunning-results/,2026-09-11
WORDPRESS,koreamedicaltour.com,21,https://koreamedicaltour.com/koreas-hospital-aftercare-system-and-its-differences-from-overseas-hospitals-what-foreign-patients-should-understand/,2026-09-11
WORDPRESS,koreamedicaltour.com,21,https://koreamedicaltour.com/dont-waste-money-unlocking-the-best-tattoo-removal-korea-price/,2026-09-11
WORDPRESS,koreamedicaltour.com,21,https://koreamedicaltour.com/dont-wait-why-a-scalp-treatment-korea-clinic-is-your-best-investment-in-2024/,2026-09-11
WORDPRESS,koreamedicaltour.com,21,https://koreamedicaltour.com/busan-medical-tourism-benefits-unlocking-world-class-healthcare-and-coastal-charm/,2026-09-09
WORDPRESS,koreamedicaltour.com,21,https://koreamedicaltour.com/korea-medical-tourism-statistics-7-eye-opening-trends-revealed/,2026-09-09
WORDPRESS,koreamedicaltour.com,21,https://koreamedicaltour.com/privacy-policy/,2026-09-05
WORDPRESS,koreamedicaltour.com,21,https://koreamedicaltour.com/,2026-09-04
WORDPRESS,koreamedicaltour.com,21,https://koreamedicaltour.com/what-nobody-tells-you-about-choosing-an-anti-aging-clinic-in-gangnam-separating-hype-from-clinical-excellence/,2026-08-30
WORDPRESS,koreamedicaltour.com,21,https://koreamedicaltour.com/what-3-months-of-spine-surgery-korea-cost-research-taught-me-that-no-one-talks-about/,2026-08-29
WORDPRESS,koreamedicaltour.com,21,https://koreamedicaltour.com/unmasking-the-truth-why-your-assumptions-about-cardiac-checkup-korea-price-might-be-costing-you-more/,2026-08-15
WORDPRESS,koreamedicaltour.com,21,https://koreamedicaltour.com/is-infertility-treatment-in-korea-really-worth-the-cost-in-2024/,2026-07-26
WORDPRESS,koreamedicaltour.com,21,https://koreamedicaltour.com/unpacking-the-real-liposuction-recovery-time-in-korea-an-experts-perspective/,2026-07-24
WORDPRESS,koreamedicaltour.com,21,https://koreamedicaltour.com/stop-overpaying-why-understanding-cardiac-checkup-korea-price-is-critical-for-your-health-wallet/,2026-07-21
WORDPRESS,koreamedicaltour.com,21,https://koreamedicaltour.com/the-complete-rejuran-injection-seoul-price-guide-you-need-now-for-2024-2026/,2026-07-20
WORDPRESS,koreamedicaltour.com,21,https://koreamedicaltour.com/page/8/,2026-07-08
WORDPRESS,koreamedicaltour.com,21,https://koreamedicaltour.com/the-essential-guide-to-best-medical-district-seoul/,2026-06-20
WORDPRESS,koreataxnlaw.com,3,https://koreataxnlaw.com/how-to-remit-salary-from-korea-to-your-home-country-and-a-summary-of-tax-issues-complete-practical-guide/,2026-09-10
WORDPRESS,koreataxnlaw.com,3,https://koreataxnlaw.com/,2026-09-09
WORDPRESS,koreataxnlaw.com,3,https://koreataxnlaw.com/tag/complete-guide-to-how-foreigners-can-get-a-credit-card-and-approval-conditions-you-need-to-know/,2026-06-09
WORDPRESS,koreawedding365.com,85,https://koreawedding365.com/category/matchmaking-wedding-cost/,2026-09-14
WORDPRESS,koreawedding365.com,85,https://koreawedding365.com/2026/09/11/practical-cost-breakdown-and-planning-steps-for-a-traditional-korean-wedding-costs-2026/,2026-09-12
WORDPRESS,koreawedding365.com,85,https://koreawedding365.com/,2026-09-12
WORDPRESS,koreawedding365.com,85,https://koreawedding365.com/2026/07/04/the-unexpected-hurdle-in-your-marriage-registration-korea-foreigner-process/,2026-09-12
WORDPRESS,koreawedding365.com,85,https://koreawedding365.com/2026/09/12/choosing-seoul-public-wedding-venues-2026-civic-locations-costs-registration-and-visa-handoff-for-international-couples/,2026-09-12
WORDPRESS,koreawedding365.com,85,https://koreawedding365.com/2026/07/31/a-practical-look-at-korea-marriage-registration-foreigner-for-international-readers/,2026-09-12
WORDPRESS,koreawedding365.com,85,https://koreawedding365.com/2026/09/12/scheduling-a-방송-프리뷰-for-a-cross-cultural-korean-wedding-align-registration-ceremony-choices-and-visa-document-handoff/,2026-09-12
WORDPRESS,koreawedding365.com,85,https://koreawedding365.com/2026/09/12/cross-cultural-marriage-legal-guidance-korea-clear-registration-steps-ceremony-choices-and-visa-document-handoff/,2026-09-12
WORDPRESS,koreawedding365.com,85,https://koreawedding365.com/2026/07/26/how-korea-dual-citizenship-child-actually-works/,2026-09-12
WORDPRESS,koreawedding365.com,85,https://koreawedding365.com/disclaimer/,2026-09-12
WORDPRESS,koreawedding365.com,85,https://koreawedding365.com/2026/09/09/how-much-do-korean-wedding-planner-service-fees-typically-cost-a-practical-breakdown-for-international-couples/,2026-09-10
WORDPRESS,koreawedding365.com,85,https://koreawedding365.com/2026/07/07/the-finding-korean-spouse-foreigner-warning-signs-most-people-miss-until-its-too-late/,2026-09-09
WORDPRESS,koreawedding365.com,85,https://koreawedding365.com/contact/,2026-09-08
WORDPRESS,koreawedding365.com,85,https://koreawedding365.com/2026/09/07/planning-엄마-준비-for-a-cross-cultural-wedding-in-korea-legal-steps-ceremony-options-and-practical-budgets/,2026-09-08
WORDPRESS,koreawedding365.com,85,https://koreawedding365.com/category/marriage-legal-visa/,2026-09-07
WORDPRESS,koreawedding365.com,85,https://koreawedding365.com/2026/08/26/marriage-visa-for-foreign-fiances-in-korea-in-2026-whats-changed/,2026-09-07
WORDPRESS,koreawedding365.com,85,https://koreawedding365.com/2026/09/06/what-foreign-spouses-need-to-know-about-f-6-visa-health-check-requirements-before-marriage-registration-in-korea/,2026-09-07
WORDPRESS,koreawedding365.com,85,https://koreawedding365.com/2026/09/06/planning-a-wedding-near-a-불꽃축제-registration-steps-ceremony-choices-budget-and-marriage-visa-handoff/,2026-09-07
WORDPRESS,koreawedding365.com,85,https://koreawedding365.com/privacy-policy/,2026-09-07
WORDPRESS,koreawedding365.com,85,https://koreawedding365.com/2026/09/06/불꽃축제와-결혼식-한국에서-축제형-웨딩을-합법적/,2026-09-07
WORDPRESS,koreawedding365.com,85,https://koreawedding365.com/2026/09/06/planning-a-wedding-near-a-불꽃축제-in-korea-registration-ceremony-options-budget-and-visa-handoff/,2026-09-07
WORDPRESS,koreawedding365.com,85,https://koreawedding365.com/2026/08/08/9-things-to-check-before-korea-dual-citizenship-child/,2026-09-06
WORDPRESS,koreawedding365.com,85,https://koreawedding365.com/2026/07/30/korea-spouse-visa-interview-tips-step-by-step/,2026-09-06
WORDPRESS,koreawedding365.com,85,https://koreawedding365.com/2026/06/25/is-groom-tuxedo-rental-korea-really-worth-it-for-your-2026-wedding/,2026-09-05
WORDPRESS,koreawedding365.com,85,https://koreawedding365.com/2026/09/02/your-dream-korean-wedding-a-checklist-for-international-couples/,2026-09-02
WORDPRESS,koreawedding365.com,85,https://koreawedding365.com/page/6/,2026-09-01
WORDPRESS,koreawedding365.com,85,https://koreawedding365.com/2026/09/01/korean-wedding-costs-eligibility-your-guide-for-international/,2026-09-01
WORDPRESS,koreawedding365.com,85,https://koreawedding365.com/2026/07/28/korea-marriage-visa-f-6-qa-answers-from-the-field/,2026-09-01
WORDPRESS,koreawedding365.com,85,https://koreawedding365.com/2026/07/17/study-reveals-7-in-10-people-misunderstand-korean-marriage-document-list/,2026-08-31
WORDPRESS,koreawedding365.com,85,https://koreawedding365.com/2026/07/30/multicultural-family-support-korea-broken-down-step-by-step/,2026-08-31
WORDPRESS,koreawedding365.com,85,https://koreawedding365.com/2026/07/19/marriage-visa-extension-korea-warning-signs-you-should-never-ignore/,2026-08-31
WORDPRESS,koreawedding365.com,85,https://koreawedding365.com/2026/07/27/5-things-to-check-before-divorce-process-foreigner-korea/,2026-08-31
WORDPRESS,koreawedding365.com,85,https://koreawedding365.com/2026/06/23/is-the-small-wedding-trend-in-seoul-the-right-choice-for-your-big-day/,2026-08-30
WORDPRESS,koreawedding365.com,85,https://koreawedding365.com/2026/07/31/korea-wedding-photo-package-cost-101-where-first-timers-should-begin/,2026-08-30
WORDPRESS,koreawedding365.com,85,https://koreawedding365.com/2026/06/23/how-much-does-a-wedding-planner-cost-in-seoul-and-is-it-truly-worth-the-investment/,2026-08-30
WORDPRESS,koreawedding365.com,85,https://koreawedding365.com/2026/07/30/before-you-try-korea-matchmaking-agency-read-this-first/,2026-08-30
WORDPRESS,koreawedding365.com,85,https://koreawedding365.com/2026/06/25/are-you-maximizing-your-jeju-outdoor-wedding-photo-experience-in-2024/,2026-08-25
WORDPRESS,koreawedding365.com,85,https://koreawedding365.com/2026/07/08/the-korean-marriage-document-list-what-most-couples-overlook/,2026-08-25
WORDPRESS,koreawedding365.com,85,https://koreawedding365.com/2026/06/23/is-choosing-the-right-wedding-makeup-salon-in-seoul-crucial-for-your-big-day/,2026-08-25
WORDPRESS,koreawedding365.com,85,https://koreawedding365.com/2026/07/12/spouse-visa-korea-requirements-vs-what-you-think-you-know-key-differences/,2026-08-25
WORDPRESS,koreawedding365.com,85,https://koreawedding365.com/2026/07/08/the-real-cost-of-finding-love-understanding-marriage-agency-fee-korea/,2026-08-25
WORDPRESS,koreawedding365.com,85,https://koreawedding365.com/2026/07/12/how-to-actually-navigate-dual-citizenship-for-your-korean-child-a-specialists-guide/,2026-08-25
WORDPRESS,koreawedding365.com,85,https://koreawedding365.com/2026/07/11/a-comprehensive-guide-to-navigating-korean-child-visas-for-foreigner-parents-your-wedding-planners-insight/,2026-08-25
WORDPRESS,koreawedding365.com,85,https://koreawedding365.com/2026/07/09/dual-citizenship-korea-for-children-navigating-your-options-for-a-future-without-borders/,2026-08-24
WORDPRESS,koreawedding365.com,85,https://koreawedding365.com/2026/07/10/title-capturing-your-love-story-a-deep-dive-into-wedding-photography-korea-cost/,2026-08-24
WORDPRESS,koreawedding365.com,85,https://koreawedding365.com/2026/07/11/your-journey-to-forever-in-korea-is-a-beautiful-one-and-navigating-the-f-6-marriage-visa-korea-can-feel-like-a-signific/,2026-08-24
WORDPRESS,koreawedding365.com,85,https://koreawedding365.com/2026/07/11/navigating-your-korean-marriage-journey-essential-tips-for-your-marriage-interview-korea-visa/,2026-08-24
WORDPRESS,koreawedding365.com,85,https://koreawedding365.com/2026/08/23/3-questions-people-ask-about-destination-wedding-planning-in-korea/,2026-08-23
WORDPRESS,koreawedding365.com,85,https://koreawedding365.com/2026/07/21/rethinking-korea-prenup-foreigner-guide-a-fresh-perspective-for-2026/,2026-08-22
WORDPRESS,koreawedding365.com,85,https://koreawedding365.com/about/,2026-08-22
WORDPRESS,koreawedding365.com,85,https://koreawedding365.com/2026/07/17/debunking-common-myths-about-divorce-korea-foreigner-rights/,2026-08-20
WORDPRESS,koreawedding365.com,85,https://koreawedding365.com/2026/08/19/9-questions-people-ask-about-korea-wedding-hall-price/,2026-08-20
WORDPRESS,koreawedding365.com,85,https://koreawedding365.com/2026/08/17/save-time-and-money-on-korea-marriage-visa-f-6/,2026-08-18
WORDPRESS,koreawedding365.com,85,https://koreawedding365.com/2026/08/16/3-things-to-check-before-korea-wedding-planner-foreigner/,2026-08-18
WORDPRESS,koreawedding365.com,85,https://koreawedding365.com/2026/07/13/marriage-interview-korea-visa-qa-answers-from-the-field/,2026-08-16
WORDPRESS,koreawedding365.com,85,https://koreawedding365.com/2026/08/09/7-things-to-check-before-international-couple-korea-wedding-cost/,2026-08-10
WORDPRESS,koreawedding365.com,85,https://koreawedding365.com/2026/06/24/is-jeju-island-the-perfect-destination-for-your-dream-wedding-an-experts-guide/,2026-08-05
WORDPRESS,koreawedding365.com,85,https://koreawedding365.com/2026/06/26/stop-losing-out-on-value-expert-guide-to-wedding-ring-jewelry-cheongdam/,2026-08-05
WORDPRESS,koreawedding365.com,85,https://koreawedding365.com/2026/08/01/5-questions-people-ask-about-korea-marriage-visa-f-6/,2026-08-04
WORDPRESS,koreawedding365.com,85,https://koreawedding365.com/2026/08/01/international-couple-korea-wedding-cost-explained-simply/,2026-08-04
WORDPRESS,koreawedding365.com,85,https://koreawedding365.com/2026/06/24/are-you-choosing-the-right-wedding-ring-brand-korea-in-2024-an-experts-guide/,2026-08-04
WORDPRESS,koreawedding365.com,85,https://koreawedding365.com/2026/08/02/korea-dual-citizenship-child-where-to-start/,2026-08-04
WORDPRESS,koreawedding365.com,85,https://koreawedding365.com/2026/06/26/the-complete-bridal-bouquet-trend-korea-guide-you-need-now/,2026-08-04
WORDPRESS,koreawedding365.com,85,https://koreawedding365.com/2026/06/22/are-you-overlooking-crucial-steps-in-your-gangnam-wedding-venue-booking/,2026-08-03
WORDPRESS,koreawedding365.com,85,https://koreawedding365.com/2026/06/22/stop-overpaying-unlocking-the-real-wedding-videography-korea-cost/,2026-08-01
WORDPRESS,koreawedding365.com,85,https://koreawedding365.com/2026/06/23/are-you-ready-to-embrace-the-beauty-of-a-traditional-korean-wedding-guide-in-2024/,2026-08-01
WORDPRESS,koreawedding365.com,85,https://koreawedding365.com/2026/06/22/dont-wait-your-essential-hanbok-rental-wedding-guide-for-a-flawless-2024-celebration/,2026-08-01
WORDPRESS,koreawedding365.com,85,https://koreawedding365.com/2026/07/31/before-you-try-korea-wedding-photo-package-cost-read-this-first/,2026-08-01
WORDPRESS,koreawedding365.com,85,https://koreawedding365.com/2026/07/02/the-hidden-side-of-wedding-ring-jewelry-cheongdam-that-changes-how-you-should-approach-it/,2026-07-28
WORDPRESS,koreawedding365.com,85,https://koreawedding365.com/2026/06/28/is-marriage-registration-foreigner-korea-an-overwhelming-process-in-2024/,2026-07-26
WORDPRESS,koreawedding365.com,85,https://koreawedding365.com/2026/07/23/korea-wedding-planner-foreigner-explained-in-plain-english/,2026-07-26
WORDPRESS,koreawedding365.com,85,https://koreawedding365.com/2026/07/16/international-marriage-korea-legal-explained-in-plain-english/,2026-07-26
WORDPRESS,koreawedding365.com,85,https://koreawedding365.com/2026/06/27/why-overlooking-the-evolving-average-marriage-age-in-korea-could-cost-you/,2026-07-26
WORDPRESS,koreawedding365.com,85,https://koreawedding365.com/2026/06/27/what-nobody-tells-you-about-hotel-wedding-seoul-cost-unveiling-the-real-investment/,2026-07-26
WORDPRESS,koreawedding365.com,85,https://koreawedding365.com/2026/06/20/why-understanding-the-average-marriage-age-in-korea-is-crucial-now-2024-trends-and-future-outlook-average-marriage-age-korea/,2026-07-23
WORDPRESS,koreawedding365.com,85,https://koreawedding365.com/2026/07/16/8-things-about-child-nationality-korea-foreigner-your-doctor-wants-you-to-know/,2026-07-22
WORDPRESS,koreawedding365.com,85,https://koreawedding365.com/2026/07/10/your-essential-guide-to-wedding-venue-cost-seoul-a-planners-perspective/,2026-07-13
WORDPRESS,koreawedding365.com,85,https://koreawedding365.com/tag/cultural-respect-kor/,2026-07-03
WORDPRESS,koreawedding365.com,85,https://koreawedding365.com/tag/wedding-coordinator/,2026-06-27
WORDPRESS,koreawedding365.com,85,https://koreawedding365.com/tag/korea-wedding-budget/,2026-06-27
WORDPRESS,koreawedding365.com,85,https://koreawedding365.com/tag/wedding-services-kor/,2026-06-27
WORDPRESS,koreawedding365.com,85,https://koreawedding365.com/tag/off-peak-wedding/,2026-06-25
WORDPRESS,koreawedding365.com,85,https://koreawedding365.com/2026/06/17/beyond-the-ballroom-why-itaewon-after-party-venue-rental-is-not-what-you-think-after-party-venue-rental-itaewon/,2026-06-20
WORDPRESS,koreawedding365.com,85,https://koreawedding365.com/tag/relationship-challenges-korea/,2026-06-20
WORDPRESS,koreawedding365.com,85,https://koreawedding365.com/tag/marital-stability/,2026-06-20
WORDPRESS,krealestate365.com,24,https://krealestate365.com/,2026-08-18
WORDPRESS,krealestate365.com,24,https://krealestate365.com/contact/,2026-07-09
WORDPRESS,krealestate365.com,24,https://krealestate365.com/tag/강남-전세/,2026-07-08
WORDPRESS,krealestate365.com,24,https://krealestate365.com/the-unforeseen-complexity-of-acquisition-tax-korea-foreigner-for-global-investors/,2026-07-05
WORDPRESS,krealestate365.com,24,https://krealestate365.com/what-a-office-rent-seoul-foreigner-expert-does-differently-and-you-can-too/,2026-07-04
WORDPRESS,krealestate365.com,24,https://krealestate365.com/tag/gtx-b-노선/,2026-07-03
WORDPRESS,krealestate365.com,24,https://krealestate365.com/tag/how-to-pay-rent-in-korea-foreigner-3/,2026-07-03
WORDPRESS,krealestate365.com,24,https://krealestate365.com/tag/전기-요금/,2026-07-03
WORDPRESS,krealestate365.com,24,https://krealestate365.com/tag/그린-인프라/,2026-07-03
WORDPRESS,krealestate365.com,24,https://krealestate365.com/tag/how-to-pay-rent-in-korea-foreigner-5/,2026-07-03
WORDPRESS,krealestate365.com,24,https://krealestate365.com/tag/gtx-a-창릉역/,2026-07-03
WORDPRESS,krealestate365.com,24,https://krealestate365.com/tag/송파구-아파트/,2026-07-03
WORDPRESS,krealestate365.com,24,https://krealestate365.com/tag/서초구-아파트/,2026-07-03
WORDPRESS,krealestate365.com,24,https://krealestate365.com/tag/외국인-체류-자격/,2026-07-02
WORDPRESS,krealestate365.com,24,https://krealestate365.com/tag/공과금-절약/,2026-07-02
WORDPRESS,krealestate365.com,24,https://krealestate365.com/tag/고령화-부동산/,2026-07-02
WORDPRESS,krealestate365.com,24,https://krealestate365.com/category/commercial-lease/,2026-07-02
WORDPRESS,krealestate365.com,24,https://krealestate365.com/tag/상업용-부동산/,2026-07-02
WORDPRESS,krealestate365.com,24,https://krealestate365.com/tag/gtx-a/,2026-07-02
WORDPRESS,krealestate365.com,24,https://krealestate365.com/tag/주택-매매/,2026-07-02
WORDPRESS,krealestate365.com,24,https://krealestate365.com/tag/서울-서비스드-레지던스/,2026-07-02
WORDPRESS,krealestate365.com,24,https://krealestate365.com/tag/서울-게스트하우스/,2026-07-02
WORDPRESS,krealestate365.com,24,https://krealestate365.com/tag/goshiwon-seoul/,2026-07-02
WORDPRESS,krealestate365.com,24,https://krealestate365.com/disclaimer/,2026-06-27
WORDPRESS,kskin365.com,101,https://kskin365.com/category/routines/,2026-09-13
WORDPRESS,kskin365.com,101,https://kskin365.com/,2026-09-13
WORDPRESS,kskin365.com,101,https://kskin365.com/the-best-korean-cushion-foundation-unveiling-skin-transformation-secrets-dermatologists-observe/,2026-09-10
WORDPRESS,kskin365.com,101,https://kskin365.com/the-hidden-side-of-best-korean-sunscreen-no-white-cast-that-changes-how-you-should-approach-it/,2026-09-10
WORDPRESS,kskin365.com,101,https://kskin365.com/spf-50-korean-sunscreen-guide-your-ultimate-shield-for-radiant-skin/,2026-09-09
WORDPRESS,kskin365.com,101,https://kskin365.com/why-korean-ginseng-skincare-benefits-are-more-crucial-than-ever-in-2024/,2026-09-09
WORDPRESS,kskin365.com,101,https://kskin365.com/page/4/,2026-09-09
WORDPRESS,kskin365.com,101,https://kskin365.com/korean-skincare-for-acne-7-steps-to-clear-skin-secrets/,2026-09-08
WORDPRESS,kskin365.com,101,https://kskin365.com/what-nobody-tells-you-about-korean-skincare-for-acne-scars-a-clinical-perspective/,2026-09-06
WORDPRESS,kskin365.com,101,https://kskin365.com/dark-circles-what-nobody-tells-you-about-the-best-eye-cream-for-dark-circles-and-why-k-beauty-wins/,2026-09-06
WORDPRESS,kskin365.com,101,https://kskin365.com/category/skincare/,2026-09-05
WORDPRESS,kskin365.com,101,https://kskin365.com/peptide-serum-korean-brands-7-anti-aging-secrets-revealed/,2026-09-05
WORDPRESS,kskin365.com,101,https://kskin365.com/category/skincare/page/2/,2026-09-05
WORDPRESS,kskin365.com,101,https://kskin365.com/the-missing-step-in-your-korean-skincare-men-guide/,2026-09-01
WORDPRESS,kskin365.com,101,https://kskin365.com/are-korean-propolis-skincare-benefits-the-secret-to-your-next-k-beauty-glow-up/,2026-08-31
WORDPRESS,kskin365.com,101,https://kskin365.com/category/ingredients/,2026-08-31
WORDPRESS,kskin365.com,101,https://kskin365.com/page/3/,2026-08-26
WORDPRESS,kskin365.com,101,https://kskin365.com/privacy-policy-2/,2026-08-25
WORDPRESS,kskin365.com,101,https://kskin365.com/page/5/,2026-08-24
WORDPRESS,kskin365.com,101,https://kskin365.com/the-5-k-beauty-secret-revealing-skin-you-didnt-know-you-had-are-you-making-this-exfoliation-mistake-korean-exfoliating-mitt-body/,2026-08-24
WORDPRESS,kskin365.com,101,https://kskin365.com/disclaimer/,2026-08-24
WORDPRESS,kskin365.com,101,https://kskin365.com/korean-essence-vs-serum-7-key-differences-unveiled-2024/,2026-08-24
WORDPRESS,kskin365.com,101,https://kskin365.com/page/6/,2026-08-05
WORDPRESS,kskin365.com,101,https://kskin365.com/category/skincare/page/5/,2026-08-05
WORDPRESS,kskin365.com,101,https://kskin365.com/are-you-truly-maximizing-your-hyaluronic-acid-serum-benefits-in-2026/,2026-08-05
WORDPRESS,kskin365.com,101,https://kskin365.com/stop-wasting-money-on-ineffective-brightening-serums-your-expert-guide-to-k-beauty-radiance/,2026-08-03
WORDPRESS,kskin365.com,101,https://kskin365.com/stop-missing-out-the-astounding-hyaluronic-acid-serum-benefits-your-skin-needs-now/,2026-08-01
WORDPRESS,kskin365.com,101,https://kskin365.com/why-snail-mucin-serum-review-matters-a-complete-expert-breakdown/,2026-07-31
WORDPRESS,kskin365.com,101,https://kskin365.com/why-korean-sleeping-pack-hydration-matters-a-complete-expert-breakdown/,2026-07-30
WORDPRESS,kskin365.com,101,https://kskin365.com/the-real-cost-of-korean-serum-for-acne-what-to-expect/,2026-07-30
WORDPRESS,kskin365.com,101,https://kskin365.com/rice-water-7-amazing-skincare-benefits-you-need-now/,2026-07-27
WORDPRESS,kskin365.com,101,https://kskin365.com/are-you-using-the-best-eye-cream-for-dark-circles-in-your-k-beauty-routine/,2026-07-23
WORDPRESS,kskin365.com,101,https://kskin365.com/aha-bha-exfoliants-korea-7-secrets-to-unlocking-glass-skin/,2026-07-23
WORDPRESS,kskin365.com,101,https://kskin365.com/are-you-following-the-best-glass-skin-routine-steps-for-radiant-k-beauty-results/,2026-07-23
WORDPRESS,kskin365.com,101,https://kskin365.com/are-you-optimizing-your-korean-skincare-for-30s-to-combat-early-aging/,2026-07-20
WORDPRESS,kskin365.com,101,https://kskin365.com/dont-wait-discover-the-best-toner-for-oily-skin-from-korea-in-2024-best-toner-for-oily-skin-korea/,2026-07-19
WORDPRESS,kskin365.com,101,https://kskin365.com/top-7-korean-eye-cream-recommendations-for-youthful-radiance/,2026-07-18
WORDPRESS,kskin365.com,101,https://kskin365.com/stop-wasting-money-how-to-find-the-best-korean-brightening-serum-that-actually-works/,2026-07-18
WORDPRESS,kskin365.com,101,https://kskin365.com/vitamin-c-serum-korea-review-top-7-picks-for-radiant-skin-secrets/,2026-07-18
WORDPRESS,kskin365.com,101,https://kskin365.com/korean-collagen-cream-review-top-7-for-ageless-skin-unveiled/,2026-07-18
WORDPRESS,kskin365.com,101,https://kskin365.com/fermented-skincare-korea-brands-top-7-secrets-to-radiant-skin/,2026-07-07
WORDPRESS,kskin365.com,101,https://kskin365.com/tag/korean-beauty-produc/,2026-07-04
WORDPRESS,kskin365.com,101,https://kskin365.com/tag/k-beauty-skincare-basics/,2026-07-04
WORDPRESS,kskin365.com,101,https://kskin365.com/k-beauty-skincare-basics-the-3-subtle-signs-your-dermal-care-routine-is-hurting-your-skin-health/,2026-07-04
WORDPRESS,kskin365.com,101,https://kskin365.com/7-game-changing-korean-cleansing-oils-you-need-to-try-right-now-best-korean-cleansing-oil/,2026-07-04
WORDPRESS,kskin365.com,101,https://kskin365.com/tag/essential-oil-candles/,2026-07-04
WORDPRESS,kskin365.com,101,https://kskin365.com/tag/sensitive-skin/,2026-07-04
WORDPRESS,kskin365.com,101,https://kskin365.com/tag/long-lasting-makeup/,2026-07-04
WORDPRESS,kskin365.com,101,https://kskin365.com/why-your-foundation-isnt-lasting-could-the-best-korean-primer-for-long-wear-be-your-missing-secret/,2026-07-04
WORDPRESS,kskin365.com,101,https://kskin365.com/tag/smooth-skin/,2026-07-04
WORDPRESS,kskin365.com,101,https://kskin365.com/korean-moisturizer-for-dry-skin-top-7-picks-for-ultimate-hydration/,2026-07-03
WORDPRESS,kskin365.com,101,https://kskin365.com/page/7/,2026-07-03
WORDPRESS,kskin365.com,101,https://kskin365.com/bakuchiol-natural-retinol-korea-top-7-secrets-for-youthful-skin/,2026-07-03
WORDPRESS,kskin365.com,101,https://kskin365.com/tag/민감성-피부/,2026-07-02
WORDPRESS,kskin365.com,101,https://kskin365.com/tag/피부-건강/,2026-07-02
WORDPRESS,kskin365.com,101,https://kskin365.com/tag/invisible-sunscreen/,2026-07-02
WORDPRESS,kskin365.com,101,https://kskin365.com/tag/broad-spectrum-spf/,2026-07-02
WORDPRESS,kskin365.com,101,https://kskin365.com/tag/eczema-relief/,2026-07-02
WORDPRESS,kskin365.com,101,https://kskin365.com/tag/korean-skincare-ingr/,2026-07-02
WORDPRESS,kskin365.com,101,https://kskin365.com/tag/dry-skin-solutions/,2026-07-02
WORDPRESS,kskin365.com,101,https://kskin365.com/tag/best-eye-cream-for-dark-circles/,2026-07-01
WORDPRESS,kskin365.com,101,https://kskin365.com/tag/pigmented-dark-circl/,2026-07-01
WORDPRESS,kskin365.com,101,https://kskin365.com/tag/dark-spots/,2026-07-01
WORDPRESS,kskin365.com,101,https://kskin365.com/tag/korean-face-mist-hydration-review/,2026-07-01
WORDPRESS,kskin365.com,101,https://kskin365.com/tag/korean-face-mist-hydration-guide/,2026-07-01
WORDPRESS,kskin365.com,101,https://kskin365.com/korean-face-mist-hydration-guide-2026-what-nobody-tells-you/,2026-07-01
WORDPRESS,kskin365.com,101,https://kskin365.com/tag/fda-sunscreen/,2026-07-01
WORDPRESS,kskin365.com,101,https://kskin365.com/tag/vascular-dark-circle/,2026-07-01
WORDPRESS,kskin365.com,101,https://kskin365.com/what-nobody-tells-you-about-brightening-finding-the-real-best-korean-brightening-serum/,2026-07-01
WORDPRESS,kskin365.com,101,https://kskin365.com/tag/snail-mucin-serum-review-guide/,2026-07-01
WORDPRESS,kskin365.com,101,https://kskin365.com/tag/korean-beauty-ingred/,2026-07-01
WORDPRESS,kskin365.com,101,https://kskin365.com/tag/korean-face-mist-hydration-tips/,2026-07-01
WORDPRESS,kskin365.com,101,https://kskin365.com/about-theme/,2026-07-01
WORDPRESS,kskin365.com,101,https://kskin365.com/the-complete-korean-skincare-routine-order-guide-you-need-now-for-flawless-skin-in-2026/,2026-07-01
WORDPRESS,kskin365.com,101,https://kskin365.com/tag/clinical-skincare/,2026-07-01
WORDPRESS,kskin365.com,101,https://kskin365.com/tag/skin-elasticity/,2026-07-01
WORDPRESS,kskin365.com,101,https://kskin365.com/stop-letting-acne-scars-steal-your-confidence-why-korean-skincare-for-acne-scars-is-a-must/,2026-07-01
WORDPRESS,kskin365.com,101,https://kskin365.com/author/catherine-han/,2026-07-01
WORDPRESS,kskin365.com,101,https://kskin365.com/tag/hyaluronic-acid-serum-benefits/,2026-06-30
WORDPRESS,kskin365.com,101,https://kskin365.com/tag/best-korean-brightening-serum/,2026-06-30
WORDPRESS,kskin365.com,101,https://kskin365.com/tag/glutathione-skin-brightening/,2026-06-30
WORDPRESS,kskin365.com,101,https://kskin365.com/tag/chemical-sunscreen/,2026-06-30
WORDPRESS,kskin365.com,101,https://kskin365.com/tag/easy-sun-protection/,2026-06-30
WORDPRESS,kskin365.com,101,https://kskin365.com/tag/pih/,2026-06-30
WORDPRESS,kskin365.com,101,https://kskin365.com/author/thomas-lim/,2026-06-30
WORDPRESS,kskin365.com,101,https://kskin365.com/tag/korean-sleeping-pack-hydration-guide/,2026-06-30
WORDPRESS,kskin365.com,101,https://kskin365.com/tag/korean-face-mist-hydration-expert/,2026-06-30
WORDPRESS,kskin365.com,101,https://kskin365.com/tag/korean-sleeping-pack-hydration-2026/,2026-06-30
WORDPRESS,kskin365.com,101,https://kskin365.com/tag/korean-face-mist-hydration-2026/,2026-06-30
WORDPRESS,kskin365.com,101,https://kskin365.com/tag/centella-asiatica/,2026-06-30
WORDPRESS,kskin365.com,101,https://kskin365.com/7-essential-differences-korean-sunscreen-vs-western-sunscreen/,2026-06-30
WORDPRESS,kskin365.com,101,https://kskin365.com/tag/korean-sleeping-pack-hydration/,2026-06-30
WORDPRESS,kskin365.com,101,https://kskin365.com/tag/dewy-skin/,2026-06-30
WORDPRESS,kskin365.com,101,https://kskin365.com/tag/korean-sleeping-pack-hydration-expert/,2026-06-30
WORDPRESS,kskin365.com,101,https://kskin365.com/tag/korean-sleeping-pack-hydration-tips/,2026-06-30
WORDPRESS,kskin365.com,101,https://kskin365.com/tag/chemical-exfoliants/,2026-06-30
WORDPRESS,kskin365.com,101,https://kskin365.com/tag/korean-skincare-for-acne-scars/,2026-06-30
WORDPRESS,kskin365.com,101,https://kskin365.com/tag/beauty-tips/,2026-06-30
WORDPRESS,kskin365.com,101,https://kskin365.com/tag/best-snail-mucin-serum-review/,2026-06-30
WORDPRESS,kskin365.com,101,https://kskin365.com/tag/cosmetic-elegance/,2026-06-30
WORDPRESS,kskin365.com,101,https://kskin365.com/journal/page/5/,2026-06-24
WORDPRESS,kstudy365.com,12,https://kstudy365.com/,2026-09-15
WORDPRESS,kstudy365.com,12,https://kstudy365.com/korean-university-counseling-centers-the-unspoken-realities-for-international-students/,2026-09-12
WORDPRESS,kstudy365.com,12,https://kstudy365.com/korean-academic-calendar-schedule-complete-guide-2024-to-unlock-your-dream/,2026-07-14
WORDPRESS,kstudy365.com,12,https://kstudy365.com/2026-student-visa-application-process/,2026-07-02
WORDPRESS,kstudy365.com,12,https://kstudy365.com/tag/niied/page/2/,2026-06-24
WORDPRESS,kstudy365.com,12,https://kstudy365.com/the-critical-mistake-international-students-make-with-topik-registration-process-dates/,2026-06-24
WORDPRESS,kstudy365.com,12,https://kstudy365.com/category/korean-language/,2026-06-24
WORDPRESS,kstudy365.com,12,https://kstudy365.com/tag/public-health-korea/,2026-06-24
WORDPRESS,kstudy365.com,12,https://kstudy365.com/tag/visa-requirements/,2026-06-24
WORDPRESS,kstudy365.com,12,https://kstudy365.com/tag/visa-documents/,2026-06-24
WORDPRESS,kstudy365.com,12,https://kstudy365.com/tag/niied/,2026-06-24
WORDPRESS,kstudy365.com,12,https://kstudy365.com/cart/,2026-06-24
WORDPRESS,ktech365.com,14,https://ktech365.com/samsung-hbm-chips-a-closer-look/,2026-09-15
WORDPRESS,ktech365.com,14,https://ktech365.com/from-seoul-to-global-stage-the-unfolding-korean-startup-success-story-in-ai-healthcare/,2026-09-12
WORDPRESS,ktech365.com,14,https://ktech365.com/,2026-09-11
WORDPRESS,ktech365.com,14,https://ktech365.com/what-15-years-in-semiconductor-packaging-taught-me-about-advanced-packaging-korea/,2026-09-09
WORDPRESS,ktech365.com,14,https://ktech365.com/warning-chip-design-korea-university-warning-signs-you-should-never-ignore/,2026-09-05
WORDPRESS,ktech365.com,14,https://ktech365.com/a-practical-look-at-sk-hynix-news-for-international-readers/,2026-09-05
WORDPRESS,ktech365.com,14,https://ktech365.com/naver-ai-models-warning-signs-you-should-never-ignore/,2026-08-30
WORDPRESS,ktech365.com,14,https://ktech365.com/the-real-cost-of-ai-healthcare-korea-what-to-expect/,2026-08-13
WORDPRESS,ktech365.com,14,https://ktech365.com/south-koreas-ai-ambition-charting-the-course-for-ai-education-korea-future/,2026-08-12
WORDPRESS,ktech365.com,14,https://ktech365.com/korea-chip-subsidy-explained-in-plain-english/,2026-08-11
WORDPRESS,ktech365.com,14,https://ktech365.com/the-dawn-of-south-koreas-ai-era-key-trends-and-strategic-milestones-in-2026/,2026-08-11
WORDPRESS,ktech365.com,14,https://ktech365.com/stop-overlooking-songdo-your-smart-city-songdo-guide-is-missing-this-crucial-insight/,2026-08-10
WORDPRESS,ktech365.com,14,https://ktech365.com/south-korea-it-industry-analysis-and-2026-2027-outlook/,2026-07-13
WORDPRESS,ktech365.com,14,https://ktech365.com/hello-world/,2026-06-09
WORDPRESS,kworld365.com,1,https://kworld365.com/,2026-08-23
WORDPRESS,oliveyoungkorea.com,3,https://oliveyoungkorea.com/,2026-09-01
WORDPRESS,oliveyoungkorea.com,3,https://oliveyoungkorea.com/hello-world/,2026-06-16
WORDPRESS,oliveyoungkorea.com,3,https://oliveyoungkorea.com/category/uncategorized/,2026-06-11
WORDPRESS,sis-korea.com,73,https://sis-korea.com/korea-graduate-school-application-frequently-confused-points/,2026-09-14
WORDPRESS,sis-korea.com,73,https://sis-korea.com/how-much-should-you-budget-for-korea-scholarship-for-international-students/,2026-09-12
WORDPRESS,sis-korea.com,73,https://sis-korea.com/page/2/,2026-09-11
WORDPRESS,sis-korea.com,73,https://sis-korea.com/page/7/,2026-09-11
WORDPRESS,sis-korea.com,73,https://sis-korea.com/disclaimer/,2026-09-11
WORDPRESS,sis-korea.com,73,https://sis-korea.com/korea-winter-camp-international-students-explained-simply/,2026-09-11
WORDPRESS,sis-korea.com,73,https://sis-korea.com/category/programs/,2026-09-11
WORDPRESS,sis-korea.com,73,https://sis-korea.com/getting-korea-language-institute-ranking-right-the-first-time/,2026-09-08
WORDPRESS,sis-korea.com,73,https://sis-korea.com/privacy-policy/,2026-09-08
WORDPRESS,sis-korea.com,73,https://sis-korea.com/stop-underestimating-the-power-of-your-korea-weather-app-recommendation-for-career-success/,2026-09-02
WORDPRESS,sis-korea.com,73,https://sis-korea.com/korea-university-pathway-program-where-to-start/,2026-09-01
WORDPRESS,sis-korea.com,73,https://sis-korea.com/6-things-to-check-before-topik-ibt-new-countries-2026-list/,2026-08-22
WORDPRESS,sis-korea.com,73,https://sis-korea.com/beyond-the-brochure-what-an-international-student-association-in-korea-really-offers/,2026-08-21
WORDPRESS,sis-korea.com,73,https://sis-korea.com/7-expert-insights-on-leveraging-the-second-hand-market-korea-app-ecosystem-for-career-growth/,2026-08-21
WORDPRESS,sis-korea.com,73,https://sis-korea.com/save-time-and-money-on-korea-graduate-school-application/,2026-08-21
WORDPRESS,sis-korea.com,73,https://sis-korea.com/korea-internship-for-students-qa-answers-from-the-field/,2026-08-20
WORDPRESS,sis-korea.com,73,https://sis-korea.com/page/3/,2026-08-20
WORDPRESS,sis-korea.com,73,https://sis-korea.com/topik-level-4-tips-qa-answers-from-the-field/,2026-08-20
WORDPRESS,sis-korea.com,73,https://sis-korea.com/category/scholarships/,2026-08-20
WORDPRESS,sis-korea.com,73,https://sis-korea.com/7-essential-korean-food-adjustment-tips-foreigners-need-for-a-seamless-transition/,2026-08-20
WORDPRESS,sis-korea.com,73,https://sis-korea.com/stop-relying-on-flawed-forecasts-your-essential-korea-weather-app-recommendation-guide/,2026-08-20
WORDPRESS,sis-korea.com,73,https://sis-korea.com/stop-wasting-money-on-topik-level-3-preparation-what-actually-works-in-practice/,2026-08-20
WORDPRESS,sis-korea.com,73,https://sis-korea.com/is-venturing-into-a-laptop-repair-shop-korea-market-really-worth-it-in-2024/,2026-08-20
WORDPRESS,sis-korea.com,73,https://sis-korea.com/navigating-koreas-intercity-bus-system-is-knowing-bus-intercity-korea-how-to-book-essential-for-your-career-journey/,2026-08-20
WORDPRESS,sis-korea.com,73,https://sis-korea.com/korea-language-institute-ranking-from-someone-whos-been-there/,2026-08-20
WORDPRESS,sis-korea.com,73,https://sis-korea.com/why-youre-missing-out-on-the-best-vegetarian-vegan-options-korea-campus-has-to-offer/,2026-08-20
WORDPRESS,sis-korea.com,73,https://sis-korea.com/korea-exchange-program-frequently-overlooked-facts/,2026-08-20
WORDPRESS,sis-korea.com,73,https://sis-korea.com/how-to-actually-secure-a-full-tuition-scholarship-korea-a-specialists-guide/,2026-08-20
WORDPRESS,sis-korea.com,73,https://sis-korea.com/why-does-choosing-a-language-program-seoul-international-cause-confusion-experts-explain/,2026-08-20
WORDPRESS,sis-korea.com,73,https://sis-korea.com/the-unseen-benefits-of-a-topik-level-5-study-method-why-youre-missing-out/,2026-08-20
WORDPRESS,sis-korea.com,73,https://sis-korea.com/the-truth-about-winter-program-korea-international-that-most-people-get-wrong/,2026-08-20
WORDPRESS,sis-korea.com,73,https://sis-korea.com/is-an-international-student-association-in-korea-essential-for-your-success/,2026-08-20
WORDPRESS,sis-korea.com,73,https://sis-korea.com/is-scholarships-really-worth-it-an-honest-breakdown/,2026-08-20
WORDPRESS,sis-korea.com,73,https://sis-korea.com/mastering-your-career-essential-topik-writing-tips-for-international-graduates-in-korea/,2026-08-20
WORDPRESS,sis-korea.com,73,https://sis-korea.com/unlock-your-korean-career-the-power-of-a-language-program-seoul-international/,2026-08-20
WORDPRESS,sis-korea.com,73,https://sis-korea.com/is-mastering-bus-intercity-korea-how-to-book-essential-for-your-career-journey-in-2024/,2026-08-20
WORDPRESS,sis-korea.com,73,https://sis-korea.com/the-truth-about-topik-that-most-people-get-wrong/,2026-08-20
WORDPRESS,sis-korea.com,73,https://sis-korea.com/korea-scholarship-for-international-students-101-where-first-timers-should-begin/,2026-08-20
WORDPRESS,sis-korea.com,73,https://sis-korea.com/9-things-about-korea-internship-for-students-your-doctor-wants-you-to-know/,2026-08-20
WORDPRESS,sis-korea.com,73,https://sis-korea.com/what-nobody-tells-you-about-using-a-taxi-app-in-korea-as-a-foreigner-navigating-the-ride-hailing-landscape/,2026-08-20
WORDPRESS,sis-korea.com,73,https://sis-korea.com/korea-university-merit-scholarship-from-someone-whos-been-there/,2026-08-20
WORDPRESS,sis-korea.com,73,https://sis-korea.com/the-professional-development-korea-strategy-nobody-talks-about-that-actually-works/,2026-08-20
WORDPRESS,sis-korea.com,73,https://sis-korea.com/master-your-korean-career-the-power-of-topik-mock-test-online-for-global-graduates/,2026-08-20
WORDPRESS,sis-korea.com,73,https://sis-korea.com/before-you-try-art-performance-scholarship-korea-read-this-first/,2026-08-20
WORDPRESS,sis-korea.com,73,https://sis-korea.com/secure-your-future-leveraging-a-sport-scholarship-at-a-korea-university-for-career-success/,2026-08-20
WORDPRESS,sis-korea.com,73,https://sis-korea.com/swimming-pool-korea-campus-what-nobody-tells-you-about-aquatic-fitness-and-career-programs/,2026-08-20
WORDPRESS,sis-korea.com,73,https://sis-korea.com/what-nobody-tells-you-about-topik-vocabulary-list/,2026-08-20
WORDPRESS,sis-korea.com,73,https://sis-korea.com/unlock-your-future-top-stem-scholarships-in-korea-for-international-students/,2026-08-20
WORDPRESS,sis-korea.com,73,https://sis-korea.com/unlock-your-potential-navigating-the-korean-job-market-with-a-winter-program-korea-international/,2026-08-20
WORDPRESS,sis-korea.com,73,https://sis-korea.com/summer-program-korea-university-explained-simply/,2026-08-20
WORDPRESS,sis-korea.com,73,https://sis-korea.com/7-essential-mental-health-resources-on-korea-campuses-you-need-to-know/,2026-08-20
WORDPRESS,sis-korea.com,73,https://sis-korea.com/how-summer-program-korea-university-has-changed-in-2026/,2026-08-20
WORDPRESS,sis-korea.com,73,https://sis-korea.com/3-things-about-topik-writing-tips-your-doctor-wants-you-to-know/,2026-08-20
WORDPRESS,sis-korea.com,73,https://sis-korea.com/6-things-about-professional-development-korea-your-doctor-wants-you-to-know/,2026-08-20
WORDPRESS,sis-korea.com,73,https://sis-korea.com/7-essential-facts-about-your-hospital-visit-korea-student-insurance/,2026-08-20
WORDPRESS,sis-korea.com,73,https://sis-korea.com/the-uncomfortable-truth-about-exchange-program-seoul-university-most-people-ignore/,2026-08-20
WORDPRESS,sis-korea.com,73,https://sis-korea.com/a-practical-look-at-scholarship-housing-benefit-korea-for-international-patients/,2026-08-20
WORDPRESS,sis-korea.com,73,https://sis-korea.com/international-student-newsletter-korea-unmasking-the-myths-of-post-grad-success/,2026-08-20
WORDPRESS,sis-korea.com,73,https://sis-korea.com/topik-level-3-preparation-warning-signs-you-should-never-ignore/,2026-08-20
WORDPRESS,sis-korea.com,73,https://sis-korea.com/9-things-about-topik-score-validity-your-doctor-wants-you-to-know/,2026-08-19
WORDPRESS,sis-korea.com,73,https://sis-korea.com/9-mistakes-people-make-with-partial-scholarship-korea-university/,2026-08-19
WORDPRESS,sis-korea.com,73,https://sis-korea.com/topik-vocabulary-list-in-2026-whats-changed/,2026-08-19
WORDPRESS,sis-korea.com,73,https://sis-korea.com/category/scholarships/page/3/,2026-08-19
WORDPRESS,sis-korea.com,73,https://sis-korea.com/category/scholarships/page/2/,2026-08-19
WORDPRESS,sis-korea.com,73,https://sis-korea.com/category/topik/page/2/,2026-08-19
WORDPRESS,sis-korea.com,73,https://sis-korea.com/page/6/,2026-08-19
WORDPRESS,sis-korea.com,73,https://sis-korea.com/category/topik/,2026-08-19
WORDPRESS,sis-korea.com,73,https://sis-korea.com/about/,2026-08-19
WORDPRESS,sis-korea.com,73,https://sis-korea.com/contact/,2026-08-19
WORDPRESS,sis-korea.com,73,https://sis-korea.com/,2026-08-19
WORDPRESS,sis-korea.com,73,https://sis-korea.com/4-questions-people-ask-about-topik-level-4-tips/,2026-08-19
WORDPRESS,sis-korea.com,73,https://sis-korea.com/scholarship-renewal-korea-condition-qa-answers-from-the-field/,2026-08-19
WORDPRESS,sis-korea.com,73,https://sis-korea.com/understanding-the-special-admission-for-overseas-koreans/,2026-08-12
WORDPRESS,studyinkorea365.com,70,https://studyinkorea365.com/,2026-09-13
WORDPRESS,studyinkorea365.com,70,https://studyinkorea365.com/what-to-do-during-your-first-month-in-korea-arrival-tasks-housing-choices-and-core-campus-services-for-foreign-students/,2026-09-13
WORDPRESS,studyinkorea365.com,70,https://studyinkorea365.com/is-setting-up-internet-in-your-new-korean-apartment-a-major-headache-for-international-students/,2026-09-12
WORDPRESS,studyinkorea365.com,70,https://studyinkorea365.com/settling-into-study-essential-education-tasks-housing-and-admin-priorities-for-new-international-students-in-korea/,2026-09-12
WORDPRESS,studyinkorea365.com,70,https://studyinkorea365.com/essential-arrival-actions-for-foreign-students-a-practical-checklist-for-housing-budget-and-campus-administration/,2026-09-12
WORDPRESS,studyinkorea365.com,70,https://studyinkorea365.com/arriving-in-korea-first-month-priorities-for-foreign-students-on-housing-budgeting-and-essential-admin/,2026-09-12
WORDPRESS,studyinkorea365.com,70,https://studyinkorea365.com/disclaimer/,2026-09-10
WORDPRESS,studyinkorea365.com,70,https://studyinkorea365.com/immediate-priorities-after-admission-a-practical-education-checklist-for-international-students-living-in-korea/,2026-09-10
WORDPRESS,studyinkorea365.com,70,https://studyinkorea365.com/where-to-live-and-which-admin-to-finish-first-a-first-month-education-and-student-life-checklist-for-new-international-students-in-korea/,2026-09-10
WORDPRESS,studyinkorea365.com,70,https://studyinkorea365.com/unlocking-university-sports-facilities-in-korea-the-brutally-honest-guide/,2026-09-09
WORDPRESS,studyinkorea365.com,70,https://studyinkorea365.com/page/5/,2026-09-09
WORDPRESS,studyinkorea365.com,70,https://studyinkorea365.com/sk-dd-co-living-spaces-qa-answers-from-the-field/,2026-09-09
WORDPRESS,studyinkorea365.com,70,https://studyinkorea365.com/practical-steps-for-new-arrivals-like-용혜인-first-month-admin-housing-choices-and-campus-services-in-korea/,2026-09-07
WORDPRESS,studyinkorea365.com,70,https://studyinkorea365.com/practical-checklist-for-international-students-starting-a-graduate-diploma-in-korea-housing-visas-budgeting-campus-services-and-key-contacts/,2026-09-07
WORDPRESS,studyinkorea365.com,70,https://studyinkorea365.com/managing-your-first-months-after-admission-to-a-graduate-diploma-in-korea-housing-visa-and-budget-checklist/,2026-09-07
WORDPRESS,studyinkorea365.com,70,https://studyinkorea365.com/category/admissions/,2026-09-06
WORDPRESS,studyinkorea365.com,70,https://studyinkorea365.com/unlocking-korean-job-markets-expert-reveals-korean-resume-writing-tips-for-foreigners/,2026-09-06
WORDPRESS,studyinkorea365.com,70,https://studyinkorea365.com/stop-undermining-your-second-year-international-student-korea-experience/,2026-09-06
WORDPRESS,studyinkorea365.com,70,https://studyinkorea365.com/privacy-policy/,2026-09-05
WORDPRESS,studyinkorea365.com,70,https://studyinkorea365.com/korea-university-admission-foreigner-explained-simply/,2026-09-03
WORDPRESS,studyinkorea365.com,70,https://studyinkorea365.com/a-step-by-step-admissions-and-student-life-checklist-for-less-stress/,2026-09-02
WORDPRESS,studyinkorea365.com,70,https://studyinkorea365.com/the-truth-about-mba-scholarship-korea-that-most-people-get-wrong-2/,2026-08-31
WORDPRESS,studyinkorea365.com,70,https://studyinkorea365.com/page/8/,2026-08-31
WORDPRESS,studyinkorea365.com,70,https://studyinkorea365.com/admissions-and-student-life-2026-practical-guide-step-by-step/,2026-08-31
WORDPRESS,studyinkorea365.com,70,https://studyinkorea365.com/the-hidden-pitfalls-of-kt-skt-lg-u-student-plan-comparison-uncovered/,2026-08-31
WORDPRESS,studyinkorea365.com,70,https://studyinkorea365.com/korea-university-tuition-foreigner-checklist-you-shouldnt-skip/,2026-08-31
WORDPRESS,studyinkorea365.com,70,https://studyinkorea365.com/4-things-to-look-for-when-choosing-korea-exchange-program-scholarship/,2026-08-30
WORDPRESS,studyinkorea365.com,70,https://studyinkorea365.com/contact/,2026-08-27
WORDPRESS,studyinkorea365.com,70,https://studyinkorea365.com/6-things-to-look-for-when-choosing-co-living-spaces-with-flexible-lease-terms/,2026-08-25
WORDPRESS,studyinkorea365.com,70,https://studyinkorea365.com/what-nobody-tells-you-about-mba-scholarship-korea-and-why-it-matters/,2026-08-25
WORDPRESS,studyinkorea365.com,70,https://studyinkorea365.com/what-nobody-tells-you-about-campus-shuttle-korea-guide-and-why-it-matters/,2026-08-25
WORDPRESS,studyinkorea365.com,70,https://studyinkorea365.com/utility-bills-in-korea-student-apartments-what-nobody-tells-you-about-hidden-costs-and-smart-savings/,2026-08-24
WORDPRESS,studyinkorea365.com,70,https://studyinkorea365.com/korea-health-insurance-student-a-closer-look/,2026-08-22
WORDPRESS,studyinkorea365.com,70,https://studyinkorea365.com/the-campus-shuttle-korea-guide-unseen-challenges-international-students-face/,2026-08-19
WORDPRESS,studyinkorea365.com,70,https://studyinkorea365.com/how-to-actually-ace-your-korea-admission-interview-a-students-guide/,2026-08-18
WORDPRESS,studyinkorea365.com,70,https://studyinkorea365.com/the-real-cost-of-korea-campus-club-activities-what-to-expect/,2026-08-17
WORDPRESS,studyinkorea365.com,70,https://studyinkorea365.com/page/2/,2026-08-17
WORDPRESS,studyinkorea365.com,70,https://studyinkorea365.com/page/4/,2026-08-09
WORDPRESS,studyinkorea365.com,70,https://studyinkorea365.com/how-korea-graduate-job-hunting-visa-has-changed-in-2026/,2026-08-05
WORDPRESS,studyinkorea365.com,70,https://studyinkorea365.com/how-admission-interview-korea-tips-has-changed-in-2026/,2026-08-05
WORDPRESS,studyinkorea365.com,70,https://studyinkorea365.com/study-reveals-7-in-10-people-misunderstand-rolling-admission-korea/,2026-08-05
WORDPRESS,studyinkorea365.com,70,https://studyinkorea365.com/korea-exchange-program-scholarship-checklist-you-shouldnt-skip/,2026-08-05
WORDPRESS,studyinkorea365.com,70,https://studyinkorea365.com/exchange-program-korea-the-unfiltered-truth-nobody-tells-you/,2026-08-05
WORDPRESS,studyinkorea365.com,70,https://studyinkorea365.com/rethinking-topik-requirement-university-a-fresh-perspective-for-2026/,2026-08-05
WORDPRESS,studyinkorea365.com,70,https://studyinkorea365.com/save-time-and-money-on-korea-university-transfer-admission/,2026-08-05
WORDPRESS,studyinkorea365.com,70,https://studyinkorea365.com/korea-part-time-job-student-visa-explained-in-plain-english/,2026-08-05
WORDPRESS,studyinkorea365.com,70,https://studyinkorea365.com/korean-university-culture-shock-vs-what-you-think-you-know-key-differences/,2026-08-05
WORDPRESS,studyinkorea365.com,70,https://studyinkorea365.com/exchange-program-korea-your-gateway-to-unforgettable-academic-cultural-adventures/,2026-08-05
WORDPRESS,studyinkorea365.com,70,https://studyinkorea365.com/page/3/,2026-08-05
WORDPRESS,studyinkorea365.com,70,https://studyinkorea365.com/page/7/,2026-08-03
WORDPRESS,studyinkorea365.com,70,https://studyinkorea365.com/dont-miss-out-the-ultimate-korean-convenience-store-life-hack-students-need-to-thrive-in-2024/,2026-08-03
WORDPRESS,studyinkorea365.com,70,https://studyinkorea365.com/navigating-korean-convenience-stores-is-your-gs25-cu-7-eleven-korea-student-guide-optimized/,2026-08-03
WORDPRESS,studyinkorea365.com,70,https://studyinkorea365.com/stop-sabotaging-your-korean-language-journey-master-korean-webtoon-reading-practice-now/,2026-08-03
WORDPRESS,studyinkorea365.com,70,https://studyinkorea365.com/are-international-students-truly-shaping-the-future-of-global-education/,2026-08-03
WORDPRESS,studyinkorea365.com,70,https://studyinkorea365.com/are-you-making-these-critical-mistakes-with-national-health-insurance-for-foreign-students/,2026-08-03
WORDPRESS,studyinkorea365.com,70,https://studyinkorea365.com/dont-miss-out-why-a-masters-degree-in-korea-english-taught-is-your-next-big-opportunity-in-2024/,2026-08-03
WORDPRESS,studyinkorea365.com,70,https://studyinkorea365.com/korean-university-sports-facilities-the-brutal-truth-nobody-tells-international-students/,2026-08-02
WORDPRESS,studyinkorea365.com,70,https://studyinkorea365.com/korea-university-tuition-foreigner-in-2026-whats-changed/,2026-08-02
WORDPRESS,studyinkorea365.com,70,https://studyinkorea365.com/a-practical-look-at-korea-university-tuition-foreigner-for-international-readers/,2026-08-01
WORDPRESS,studyinkorea365.com,70,https://studyinkorea365.com/a-practical-look-at-korea-health-insurance-student-for-international-readers/,2026-08-01
WORDPRESS,studyinkorea365.com,70,https://studyinkorea365.com/korea-university-club-activities-from-someone-whos-been-there/,2026-07-30
WORDPRESS,studyinkorea365.com,70,https://studyinkorea365.com/a-practical-look-at-gks-scholarship-korea/,2026-07-30
WORDPRESS,studyinkorea365.com,70,https://studyinkorea365.com/a-practical-look-at-korea-dorm-life-international-student-for-international-readers/,2026-07-27
WORDPRESS,studyinkorea365.com,70,https://studyinkorea365.com/korea-campus-club-activities-101-what-first-timers-should-know/,2026-07-26
WORDPRESS,studyinkorea365.com,70,https://studyinkorea365.com/5-mistakes-people-make-with-transfer-admission-korea/,2026-07-13
WORDPRESS,studyinkorea365.com,70,https://studyinkorea365.com/dont-make-this-ttmik-talk-to-me-in-korean-resource-mistake-its-more-common-than-you-think/,2026-07-13
WORDPRESS,studyinkorea365.com,70,https://studyinkorea365.com/cracking-the-code-the-brutally-honest-truth-about-a-research-grant-korea/,2026-07-12
WORDPRESS,studyinkorea365.com,70,https://studyinkorea365.com/page/6/,2026-07-11
WORDPRESS,studyinkorea365.com,70,https://studyinkorea365.com/insadong-culture-experience-what-international-students-really-gain-and-what-they-miss/,2026-06-25
WORDPRESS,studyinkorea365.com,70,https://studyinkorea365.com/page/6/?orderby=date,2026-06-25
NEWS,koreanews365.com,123,https://koreanews365.com/blog/,2026-09-15
NEWS,koreanews365.com,123,https://koreanews365.com/category/economy/,2026-09-14
NEWS,koreanews365.com,123,https://koreanews365.com/corrections/,2026-09-13
NEWS,koreanews365.com,123,https://koreanews365.com/tips/,2026-09-13
NEWS,koreanews365.com,123,https://koreanews365.com/contact-2/,2026-09-09
NEWS,koreanews365.com,123,https://koreanews365.com/why-local-us-newspapers-are-sounding-the-alarm/,2026-09-09
NEWS,koreanews365.com,123,https://koreanews365.com/all-you-need-to-know-about-penalty-shootouts/,2026-09-07
NEWS,koreanews365.com,123,https://koreanews365.com/disclaimer/,2026-09-07
NEWS,koreanews365.com,123,https://koreanews365.com/the-man-who-saved-thousands-of-people-from-covid/,2026-09-05
NEWS,koreanews365.com,123,https://koreanews365.com/about/,2026-09-05
NEWS,koreanews365.com,123,https://koreanews365.com/미·브루나이군-팔라완-워리어-훈련서-대비태세·신/,2026-08-29
NEWS,koreanews365.com,123,https://koreanews365.com/김민하-하나-코리아-탈북민-연기-이것-모르고-보면-100/,2026-08-29
NEWS,koreanews365.com,123,https://koreanews365.com/뉴욕증시-기술주-약세-지속나스닥-닷새째-하락세/,2026-08-29
NEWS,koreanews365.com,123,https://koreanews365.com/글로벌-스트라이크-전술훈련-시뮬레이터로-대비태/,2026-08-28
NEWS,koreanews365.com,123,https://koreanews365.com/집안-곳곳-출몰하는-하트벌레-정체-미스터리/,2026-08-27
NEWS,koreanews365.com,123,https://koreanews365.com/필리핀-원주민-지도자들-광산-개발-반대-바리케이드/,2026-08-27
NEWS,koreanews365.com,123,https://koreanews365.com/오염된-콕강-지키려-태국-원주민-공동체-투쟁/,2026-08-27
NEWS,koreanews365.com,123,https://koreanews365.com/모델-기반-시스템공학·고장관리-통합자율-우주-임/,2026-08-27
NEWS,koreanews365.com,123,https://koreanews365.com/nasa-찬드라가-포착한-은하-보석-새-갤러리에서-빛나다/,2026-08-27
NEWS,koreanews365.com,123,https://koreanews365.com/히잡-벗은-죄-이란-여성-가수에-태형-74대국제사/,2026-08-27
NEWS,koreanews365.com,123,https://koreanews365.com/category/world/,2026-08-26
NEWS,koreanews365.com,123,https://koreanews365.com/한혜진-고구마-농사-이-점-모르면-100-실패-단독-주택-라/,2026-08-25
NEWS,koreanews365.com,123,https://koreanews365.com/호남-물-부족론-과연-해소될-수-있을까-대통령의-100만/,2026-08-25
NEWS,koreanews365.com,123,https://koreanews365.com/why-are-qanon-believers-obsessed-with-4-march/,2026-08-25
NEWS,koreanews365.com,123,https://koreanews365.com/google-hit-with-record-eu-fine-over-shopping-service/,2026-08-24
NEWS,koreanews365.com,123,https://koreanews365.com/category/politics/,2026-08-24
NEWS,koreanews365.com,123,https://koreanews365.com/,2026-08-23
NEWS,koreanews365.com,123,https://koreanews365.com/page/2/,2026-08-23
NEWS,koreanews365.com,123,https://koreanews365.com/청년-창업-지원-프로그램-이것-모르고-시작하면-100-후/,2026-08-22
NEWS,koreanews365.com,123,https://koreanews365.com/심장-건강-아침보다-저녁-산책이-답/,2026-08-22
NEWS,koreanews365.com,123,https://koreanews365.com/중국-ai-칩-키미-k3-충격-빅테크-280조-투자-운명-갈림길/,2026-08-22
NEWS,koreanews365.com,123,https://koreanews365.com/ai-훈풍-충남-수출-6개월-만에-연간-실적-돌파/,2026-08-22
NEWS,koreanews365.com,123,https://koreanews365.com/검찰-보완수사권-폐지-정부-최종-입장-발표로-주목되/,2026-08-22
NEWS,koreanews365.com,123,https://koreanews365.com/page/5/,2026-08-22
NEWS,koreanews365.com,123,https://koreanews365.com/category/breaking/,2026-08-22
NEWS,koreanews365.com,123,https://koreanews365.com/모두가-놓친-기회-7월-말-방-등록-호스트-첫-계약-수수/,2026-08-22
NEWS,koreanews365.com,123,https://koreanews365.com/노윤서-스우파-1700만-메가크루-미션-영광-리정과-남친/,2026-08-22
NEWS,koreanews365.com,123,https://koreanews365.com/디지털-전환과-세대-교체-바람-2026년-한국-정치-미래-향/,2026-08-22
NEWS,koreanews365.com,123,https://koreanews365.com/searching-for-the-forgotten-heroes-of-world-war-two/,2026-08-22
NEWS,koreanews365.com,123,https://koreanews365.com/fisherman-swap-petrol-motors-for-electric-engines/,2026-08-22
NEWS,koreanews365.com,123,https://koreanews365.com/musks-spacex-starship-lands-safely-then-explodes/,2026-08-22
NEWS,koreanews365.com,123,https://koreanews365.com/source-copyright-policy/,2026-08-22
NEWS,koreanews365.com,123,https://koreanews365.com/category/finance/,2026-08-22
NEWS,koreanews365.com,123,https://koreanews365.com/코소보-성별화-온라인-혐오표현의-담론적-기능/,2026-08-22
NEWS,koreanews365.com,123,https://koreanews365.com/category/sports/,2026-08-21
NEWS,koreanews365.com,123,https://koreanews365.com/searching-for-the-angel-who-held-me-on-westminster-bridge/,2026-08-20
NEWS,koreanews365.com,123,https://koreanews365.com/아이유-건강-회복-후-공식-석상-복귀청룡시리즈어/,2026-08-16
NEWS,koreanews365.com,123,https://koreanews365.com/중국어-한마디-물이-스며들다는-중국어로/,2026-08-16
NEWS,koreanews365.com,123,https://koreanews365.com/충주맨-김선태-돈선태-하차-선언-리센느-사투리/,2026-08-16
NEWS,koreanews365.com,123,https://koreanews365.com/김주형-2년-9개월-만에-pga-투어-우승-궁금증-현장-전문가/,2026-08-12
NEWS,koreanews365.com,123,https://koreanews365.com/폭염-경고-장마-끝숨-막히는-더위-시작/,2026-08-12
NEWS,koreanews365.com,123,https://koreanews365.com/미국-2분기-성장-1-5-둔화-물가-3-7-여전한-고공행진/,2026-08-10
NEWS,koreanews365.com,123,https://koreanews365.com/속보-대한민국-최신-경제-및-사회-변화-트렌드-분석-13/,2026-08-10
NEWS,koreanews365.com,123,https://koreanews365.com/축구-영웅-케빈-키건-투병-끝-75세로-영면/,2026-08-08
NEWS,koreanews365.com,123,https://koreanews365.com/당신은-격동의-대한민국-최신-경제-및-사회-변화-트렌/,2026-08-05
NEWS,koreanews365.com,123,https://koreanews365.com/삼성전자-로봇-사업-드라이브-건다/,2026-08-05
NEWS,koreanews365.com,123,https://koreanews365.com/탄소중립-지구를-위한-불가피한-선택인가-기후변화/,2026-08-04
NEWS,koreanews365.com,123,https://koreanews365.com/8기-영수-갈팡질팡하더니-여자-2호-선택···여자-3호/,2026-08-04
NEWS,koreanews365.com,123,https://koreanews365.com/청와대-유시민-필패론에-반응도-안-하겠다/,2026-08-04
NEWS,koreanews365.com,123,https://koreanews365.com/설문조사-10명-중-6명이-사진ssg-새-용병-마드리스-올러와/,2026-08-04
NEWS,koreanews365.com,123,https://koreanews365.com/외부인-통행-막는-아파트에-이행강제금에-대한/,2026-08-04
NEWS,koreanews365.com,123,https://koreanews365.com/피의-게임x-이상민-성수동-아파트-경매에-집이-없다/,2026-08-02
NEWS,koreanews365.com,123,https://koreanews365.com/대한민국-지금-어떤-변화의-파고를-넘고-있을까-대한/,2026-08-02
NEWS,koreanews365.com,123,https://koreanews365.com/꼭지-육각형-피망-단맛의-비밀-담았다/,2026-08-02
NEWS,koreanews365.com,123,https://koreanews365.com/남부지방-찜통더위-열대야까지-기승-폭염-절정/,2026-08-02
NEWS,koreanews365.com,123,https://koreanews365.com/충주찰옥수수버거-이물질-논란에-판매-중단/,2026-08-01
NEWS,koreanews365.com,123,https://koreanews365.com/여성-절반-관리직은-0명사업장-10곳-고용-불균형-실/,2026-08-01
NEWS,koreanews365.com,123,https://koreanews365.com/category/society/page/5/,2026-07-31
NEWS,koreanews365.com,123,https://koreanews365.com/정청래-김민석-표심-잡기-총력충청·영남-민심-향/,2026-07-31
NEWS,koreanews365.com,123,https://koreanews365.com/친정-복귀-9년-만-5안타-맹타3할-타율-복귀-201안타-진짜/,2026-07-30
NEWS,koreanews365.com,123,https://koreanews365.com/손담비-억까에-폭발무개념-편견에-분노/,2026-07-28
NEWS,koreanews365.com,123,https://koreanews365.com/중동-긴장-고조-국제-유가-폭등-비상/,2026-07-28
NEWS,koreanews365.com,123,https://koreanews365.com/대한민국-3가지-경제-동력과-5대-사회-트렌드-속-복합/,2026-07-27
NEWS,koreanews365.com,123,https://koreanews365.com/이-대통령-샌프란-ai-선언-대한민국-대체불가-공급망/,2026-07-26
NEWS,koreanews365.com,123,https://koreanews365.com/국내-물가-이-경고-무시하면-서민-가계-치명타-입을/,2026-07-26
NEWS,koreanews365.com,123,https://koreanews365.com/냉장고-꽉-채우면-전기세-폭탄-여름철-올바른-냉장고/,2026-07-25
NEWS,koreanews365.com,123,https://koreanews365.com/한국-갯벌-부산서-세계유산-확대여수·고흥·무안/,2026-07-25
NEWS,koreanews365.com,123,https://koreanews365.com/고성장-시대의-잔상인가-저성장-뉴노멀인가-대한민/,2026-07-25
NEWS,koreanews365.com,123,https://koreanews365.com/전남광주통합시-출범-전부터-주청사-갈등으로-시끄/,2026-07-25
NEWS,koreanews365.com,123,https://koreanews365.com/ai-쓴-후기-이제-무신사에서-못-봐요/,2026-07-24
NEWS,koreanews365.com,123,https://koreanews365.com/mz세대가-주도하는-새로운-질서-대한민국-최신-경제-및/,2026-07-23
NEWS,koreanews365.com,123,https://koreanews365.com/대한민국-최신-경제-및-사회-변화-트렌드-분석-당신의/,2026-07-23
NEWS,koreanews365.com,123,https://koreanews365.com/category/business/,2026-07-21
NEWS,koreanews365.com,123,https://koreanews365.com/category/sports/page/2/,2026-07-20
NEWS,koreanews365.com,123,https://koreanews365.com/page/9/,2026-07-20
NEWS,koreanews365.com,123,https://koreanews365.com/한국-부동산-정책-과연-시장-안정과-서민-주거-두-마/,2026-07-20
NEWS,koreanews365.com,123,https://koreanews365.com/page/10/,2026-07-19
NEWS,koreanews365.com,123,https://koreanews365.com/아무도-말해주지-않는-인천-쿠팡-물류센터-9시간째-화/,2026-07-19
NEWS,koreanews365.com,123,https://koreanews365.com/1년-동안-프랑스어-독학-한강-작품-원작-무대-각별해/,2026-07-19
NEWS,koreanews365.com,123,https://koreanews365.com/page/11/,2026-07-19
NEWS,koreanews365.com,123,https://koreanews365.com/page/12/,2026-07-18
NEWS,koreanews365.com,123,https://koreanews365.com/page/17/,2026-07-18
NEWS,koreanews365.com,123,https://koreanews365.com/the-full-story-of-thailands-extraordinary-cave-rescue/,2026-07-18
NEWS,koreanews365.com,123,https://koreanews365.com/대한민국-최신-경제-및-사회-변화-트렌드-분석-이것/,2026-07-18
NEWS,koreanews365.com,123,https://koreanews365.com/page/13/,2026-07-18
NEWS,koreanews365.com,123,https://koreanews365.com/톡톡-30초-건강학위고비·마운자로다이어트약-아/,2026-07-17
NEWS,koreanews365.com,123,https://koreanews365.com/대충격-한국전-교체출전-남아공-mf-애덤스-호텔서-숨/,2026-07-13
NEWS,koreanews365.com,123,https://koreanews365.com/왜-정몽구-회장은-임원들의-美공장-반대를-무릅썼나/,2026-07-13
NEWS,koreanews365.com,123,https://koreanews365.com/2026년-달라진-종료-10여일-앞두고-김태효-구속막판-속/,2026-07-13
NEWS,koreanews365.com,123,https://koreanews365.com/왜-안철수와-한동훈의-복당-갈등이-증폭될까/,2026-07-13
NEWS,koreanews365.com,123,https://koreanews365.com/최신-한국-뉴스-놓치면-후회할-핵심-이슈-총정리/,2026-07-11
NEWS,koreanews365.com,123,https://koreanews365.com/마약-정보원에-수사-정보-넘긴-경찰관-직위-해제-경찰/,2026-07-11
NEWS,koreanews365.com,123,https://koreanews365.com/김용범-청-실장-발언-부동산-시장의-근본적-해법-될-수/,2026-07-11
NEWS,koreanews365.com,123,https://koreanews365.com/모두가-끝이라-말할-때-호날두-41세에-마지막-춤-아/,2026-07-11
NEWS,koreanews365.com,123,https://koreanews365.com/탄소중립-과연-한국-사회의-지속-가능한-미래를-보장/,2026-07-08
NEWS,koreanews365.com,123,https://koreanews365.com/승부처마다-고민-니콜라스-마줄스-감독-한국-남자농/,2026-07-04
NEWS,koreanews365.com,123,https://koreanews365.com/category/society/page/9/,2026-07-02
NEWS,koreanews365.com,123,https://koreanews365.com/category/society/page/4/,2026-07-02
NEWS,koreanews365.com,123,https://koreanews365.com/정부-중증장애인-혼거-강요-과밀수용-책임-인정법/,2026-06-29
NEWS,koreanews365.com,123,https://koreanews365.com/국세청-코인-두-번-털렸다탈세-제보-2시간-만에-또-유/,2026-06-29
NEWS,koreanews365.com,123,https://koreanews365.com/일본-이란-사태에-물가-비상-속-미국-편에-서다/,2026-06-29
NEWS,koreanews365.com,123,https://koreanews365.com/the-beauty-of-less-a-guide-to-calm-and-clutter-free-homes/,2026-06-29
NEWS,koreanews365.com,123,https://koreanews365.com/최저임금-쟁점-5가지-1만-2천원-요구와-지금도-부담-사/,2026-06-29
NEWS,koreanews365.com,123,https://koreanews365.com/비슬리-사직설-단순-해프닝인가-구조적-문제인가/,2026-06-29
NEWS,koreanews365.com,123,https://koreanews365.com/category/비즈니스-business/,2026-06-25
NEWS,koreanews365.com,123,https://koreanews365.com/기후변화-대응-탄소중립은-과연-실현-가능한-목표인/,2026-06-24
NEWS,koreanews365.com,123,https://koreanews365.com/대한민국-최신-경제-및-사회-변화-트렌드-분석-이것-모/,2026-06-24
NEWS,koreanews365.com,123,https://koreanews365.com/저성장-시대-대한민국-역설적-소비-양극화와-생활/,2026-06-24
NEWS,koreanews365.com,123,https://koreanews365.com/속보-대한민국-최신-경제-및-사회-변화-트렌드-분석-11/,2026-06-24
NEWS,koreanews365.com,123,https://koreanews365.com/속보-대한민국-최신-경제-및-사회-변화-트렌드-분석-9/,2026-06-24
NEWS,koreanews365.com,123,https://koreanews365.com/category/interior-design/,2026-06-24
NEWS,koreanews365.com,123,https://koreanews365.com/category/art-culture/,2026-06-24
NEWS,koreanews365.com,123,https://koreanews365.com/finding-inspiration-in-simple-spaces-and-quiet-moments/,2026-06-24
NEWS,theseouljournal.com,91,https://theseouljournal.com/category/economy/,2026-09-14
NEWS,theseouljournal.com,91,https://theseouljournal.com/category/politics/,2026-09-14
NEWS,theseouljournal.com,91,https://theseouljournal.com/g-dragon-ig-like-sparks-kiko-dating-rumors/,2026-09-13
NEWS,theseouljournal.com,91,https://theseouljournal.com/korea-times-global-apply-now/,2026-09-13
NEWS,theseouljournal.com,91,https://theseouljournal.com/koreas-high-speed-rail-summer-travel-simplified/,2026-09-09
NEWS,theseouljournal.com,91,https://theseouljournal.com/korea-july-exports-surge-62-8-on-chip-demand/,2026-09-09
NEWS,theseouljournal.com,91,https://theseouljournal.com/creating-blessings-seouls-quiet-revolution-in-personal-fulfillment/,2026-09-09
NEWS,theseouljournal.com,91,https://theseouljournal.com/korean-pools-arent-what-you-expect-navigating-local-waters-like-a-pro/,2026-09-09
NEWS,theseouljournal.com,91,https://theseouljournal.com/power-grab-emperor-ambitions-rise/,2026-09-09
NEWS,theseouljournal.com,91,https://theseouljournal.com/are-you-missing-out-on-the-best-seoul-international-church-services-group-experiences-for-spiritual-growth-and-community/,2026-09-09
NEWS,theseouljournal.com,91,https://theseouljournal.com/category/economy/page/2/,2026-09-09
NEWS,theseouljournal.com,91,https://theseouljournal.com/,2026-09-09
NEWS,theseouljournal.com,91,https://theseouljournal.com/idaho-restaurant-shooting-claims-multiple-lives/,2026-09-08
NEWS,theseouljournal.com,91,https://theseouljournal.com/category/uncategorized/,2026-09-08
NEWS,theseouljournal.com,91,https://theseouljournal.com/busan-sees-2-4m-visitors-bts-fuels-surge/,2026-09-08
NEWS,theseouljournal.com,91,https://theseouljournal.com/the-critical-seoul-ice-skating-rink-winter-error-almost-everyone-makes/,2026-09-07
NEWS,theseouljournal.com,91,https://theseouljournal.com/about/,2026-09-07
NEWS,theseouljournal.com,91,https://theseouljournal.com/warning-panic-planning-for-senior-living-has-hidden-costs/,2026-09-07
NEWS,theseouljournal.com,91,https://theseouljournal.com/is-finding-your-spiritual-community-in-seoul-a-challenge-your-essential-seoul-international-church-guide-awaits/,2026-09-07
NEWS,theseouljournal.com,91,https://theseouljournal.com/golden-rule-treat-others-as-you-wish-to-be-treated/,2026-09-06
NEWS,theseouljournal.com,91,https://theseouljournal.com/why-preserving-seouls-traditional-crafts-matters-more-than-ever-in-2026/,2026-09-06
NEWS,theseouljournal.com,91,https://theseouljournal.com/is-14th-korean-oil-tanker-successfully-transits-through-red-sea-really-worth-it-an-honest-breakdown/,2026-09-06
NEWS,theseouljournal.com,91,https://theseouljournal.com/busans-industrial-heartbeat-reimagined-a-65-million-transformation/,2026-09-06
NEWS,theseouljournal.com,91,https://theseouljournal.com/houthis-strike-saudi-oil-sites-us-avoids-iran-strike/,2026-09-06
NEWS,theseouljournal.com,91,https://theseouljournal.com/seoul-park-blooms-for-liberation-day/,2026-09-06
NEWS,theseouljournal.com,91,https://theseouljournal.com/seouls-top-korean-language-academies/,2026-09-05
NEWS,theseouljournal.com,91,https://theseouljournal.com/korea-heat-wave-danger-and-safety-tips/,2026-09-04
NEWS,theseouljournal.com,91,https://theseouljournal.com/how-koreas-group-a-exit-impacts-seouls-mood-and-economy/,2026-09-03
NEWS,theseouljournal.com,91,https://theseouljournal.com/inside-a-korean-hospice-where-life-begins-again/,2026-09-01
NEWS,theseouljournal.com,91,https://theseouljournal.com/smartwatch-your-key-to-building-a-running-habit/,2026-09-01
NEWS,theseouljournal.com,91,https://theseouljournal.com/openai-surpasses-1-billion-active-users/,2026-08-31
NEWS,theseouljournal.com,91,https://theseouljournal.com/fed-holds-rates-steady-amidst-divided-board/,2026-08-31
NEWS,theseouljournal.com,91,https://theseouljournal.com/expat-life-in-seoul/,2026-08-31
NEWS,theseouljournal.com,91,https://theseouljournal.com/can-the-taeguk-warriors-secure-a-knockout-berth-in-this-crucial-group-a-showdown/,2026-08-31
NEWS,theseouljournal.com,91,https://theseouljournal.com/ex-coach-fires-back-at-critics/,2026-08-31
NEWS,theseouljournal.com,91,https://theseouljournal.com/hackers-vs-ai-seoul-showdown/,2026-08-30
NEWS,theseouljournal.com,91,https://theseouljournal.com/mistaken-identity-master-exposed/,2026-08-30
NEWS,theseouljournal.com,91,https://theseouljournal.com/◇-by-robert-park/,2026-08-29
NEWS,theseouljournal.com,91,https://theseouljournal.com/ai-era-koreas-new-dawn/,2026-08-29
NEWS,theseouljournal.com,91,https://theseouljournal.com/k-creatures-from-east-palace-to-hope-success-factors/,2026-08-29
NEWS,theseouljournal.com,91,https://theseouljournal.com/how-rescenes-real-story-broke-through-k-pops-manufactured-world-vs-what-you-think-you-know-key-differences/,2026-08-26
NEWS,theseouljournal.com,91,https://theseouljournal.com/is-your-k-beauty-skincare-routine-truly-effective/,2026-08-26
NEWS,theseouljournal.com,91,https://theseouljournal.com/how-to-actually-handle-hopes-for-us-iran-diplomacy-still-alive-as-fighting-intensifies-over-strait-of-hormuz-a-specialists-guide/,2026-08-26
NEWS,theseouljournal.com,91,https://theseouljournal.com/ceuta-border-spain-deploys-sea-barrier-after-deadly-migrant-rush/,2026-08-26
NEWS,theseouljournal.com,91,https://theseouljournal.com/privacy-policy/,2026-08-26
NEWS,theseouljournal.com,91,https://theseouljournal.com/◇-by-james-patterson/,2026-08-25
NEWS,theseouljournal.com,91,https://theseouljournal.com/stop-ignoring-the-looming-crisis-nuclear-inspection-dispute-threatens-us-iran-peace-deal/,2026-08-24
NEWS,theseouljournal.com,91,https://theseouljournal.com/beyond-the-broth-what-nobody-tells-you-about-koreas-instant-noodle-revolution/,2026-08-24
NEWS,theseouljournal.com,91,https://theseouljournal.com/how-we-never-met-2ne1s-sandara-park-reveals-her-unusual-non-face-to-face-dating-history-has-changed-in-2026/,2026-08-24
NEWS,theseouljournal.com,91,https://theseouljournal.com/beyond-the-coffee-unpacking-the-evolving-role-of-cafes-and-co-working-spaces-in-seoul/,2026-08-24
NEWS,theseouljournal.com,91,https://theseouljournal.com/k-beauty-shopping-diversifies-beyond-olive-young-101-what-first-timers-should-know/,2026-08-24
NEWS,theseouljournal.com,91,https://theseouljournal.com/the-quiet-shift-in-cant-stop-snacking-eat-this-first-to-help-prevent-binge-eating-that-could-change-everything/,2026-08-24
NEWS,theseouljournal.com,91,https://theseouljournal.com/what-nobody-tells-you-about-koreas-rd-brain-drain-a-paradox-of-funding-and-exodus/,2026-08-24
NEWS,theseouljournal.com,91,https://theseouljournal.com/the-unseen-toll-why-venezuelas-crisis-demands-seouls-attention/,2026-08-24
NEWS,theseouljournal.com,91,https://theseouljournal.com/can-seouls-new-botanical-exhibition-harmonize-high-tech-innovation-with-natural-beauty/,2026-08-24
NEWS,theseouljournal.com,91,https://theseouljournal.com/7-unforgettable-secrets-to-mastering-the-seoul-bike-path-han-river/,2026-08-23
NEWS,theseouljournal.com,91,https://theseouljournal.com/the-seoul-rooftop-pool-summer-mistake-everyone-makes-and-how-to-avoid-it/,2026-08-22
NEWS,theseouljournal.com,91,https://theseouljournal.com/contact/,2026-08-21
NEWS,theseouljournal.com,91,https://theseouljournal.com/category/culture/,2026-08-20
NEWS,theseouljournal.com,91,https://theseouljournal.com/why-does-why-bts-gwanghwamun-show-shocked-japanese-social-media-users-cause-problems-experts-explain/,2026-08-20
NEWS,theseouljournal.com,91,https://theseouljournal.com/foreigners-dump-korean-stocks-at-record-june-pace/,2026-08-20
NEWS,theseouljournal.com,91,https://theseouljournal.com/cost-of-living-in-seoul-2026-warning-signs-you-should-never-ignore/,2026-08-19
NEWS,theseouljournal.com,91,https://theseouljournal.com/fire-breaks-out-at-coupang-logistics-center-in-incheon-injuring-1-firefighter-vs-what-you-think-you-know-key-differences/,2026-08-13
NEWS,theseouljournal.com,91,https://theseouljournal.com/skkus-smart-system-stops-subway-door-mishaps/,2026-08-05
NEWS,theseouljournal.com,91,https://theseouljournal.com/is-seouls-heart-on-hold-korea-left-to-play-waiting-game-for-round-of-32/,2026-08-03
NEWS,theseouljournal.com,91,https://theseouljournal.com/so-ji-subs-agent-kim-returns-for-new-chapter/,2026-08-01
NEWS,theseouljournal.com,91,https://theseouljournal.com/lee-lands-in-santiago-for-kast-summit/,2026-07-31
NEWS,theseouljournal.com,91,https://theseouljournal.com/korea-fuels-perus-minerals-defense-green-energy-growth/,2026-07-27
NEWS,theseouljournal.com,91,https://theseouljournal.com/rethinking-outgoing-irish-ambassador-reflects-on-4-years-in-korea-a-fresh-perspective-for-2026/,2026-07-26
NEWS,theseouljournal.com,91,https://theseouljournal.com/behind-the-scenes-what-lee-reiterates-plan-to-designate-dec-3-as-day-for-peoples-sovereignty-actually-involves/,2026-07-26
NEWS,theseouljournal.com,91,https://theseouljournal.com/greece-eyes-korea-maritime-tech-indo-pacific-push/,2026-07-26
NEWS,theseouljournal.com,91,https://theseouljournal.com/korean-principal-shines-at-top-us-ballet/,2026-07-25
NEWS,theseouljournal.com,91,https://theseouljournal.com/microwave-frozen-meals-safety-checklist/,2026-07-24
NEWS,theseouljournal.com,91,https://theseouljournal.com/is-strengthening-korea-asean-defense-ties-essential-for-regional-stability/,2026-07-24
NEWS,theseouljournal.com,91,https://theseouljournal.com/korean-workplace-dynamics-unveiled/,2026-07-24
NEWS,theseouljournal.com,91,https://theseouljournal.com/why-seoul-tokyo-and-washington-are-doubling-down-on-trilateral-security-top-diplomats-of-seoul-tokyo-reaffirm-ties-3-way-cooperation-with-us/,2026-07-24
NEWS,theseouljournal.com,91,https://theseouljournal.com/koreas-q2-growth-surges-to-0-6-on-chip-boom/,2026-07-23
NEWS,theseouljournal.com,91,https://theseouljournal.com/museum-expert-heads-korean-repatriation-drive/,2026-07-23
NEWS,theseouljournal.com,91,https://theseouljournal.com/is-how-rescenes-real-story-broke-through-k-pops-manufactured-world-really-worth-it-an-honest-breakdown/,2026-07-18
NEWS,theseouljournal.com,91,https://theseouljournal.com/4-mistakes-people-make-with-from-paralysis-to-national-team-former-soldier-rows-toward-paralympic-glory/,2026-07-17
NEWS,theseouljournal.com,91,https://theseouljournal.com/dont-miss-out-why-seouls-text-hip-boom-is-reshaping-the-book-world/,2026-07-16
NEWS,theseouljournal.com,91,https://theseouljournal.com/the-truth-about-what-defines-research-excellence-in-era-of-global-challenges-that-most-people-get-wrong/,2026-07-13
NEWS,theseouljournal.com,91,https://theseouljournal.com/k-lit-review-mrs-shim-is-a-killer-offers-deep-cuts-into-modern-korean-society/,2026-07-13
NEWS,theseouljournal.com,91,https://theseouljournal.com/is-joongang-groups-future-hanging-by-a-thread-between-court-and-creditors/,2026-07-13
NEWS,theseouljournal.com,91,https://theseouljournal.com/morning-calm-tales-ppi-ppi-koreas-brief-pager-fad-in-the-90s/,2026-07-12
NEWS,theseouljournal.com,91,https://theseouljournal.com/seoul-lifestyle-news-your-essential-guide-to-the-latest-trends-happenings-in-the-korean-capital/,2026-07-12
NEWS,theseouljournal.com,91,https://theseouljournal.com/despite-record-funding-are-korean-researchers-still-eyeing-overseas-opportunities/,2026-07-12
NEWS,theseouljournal.com,91,https://theseouljournal.com/north-korea-fires-missiles-ahead-of-seoul-leaders-china-trip/,2026-07-11
NEWS,theseouljournal.com,91,https://theseouljournal.com/the-seoul-museum-mistake-foreigners-make-and-how-to-fix-your-travel-itinerary-seoul-museum-recommendation-foreigner/,2026-07-11
NEWS,theseouljournal.com,91,https://theseouljournal.com/5-ways-lee-hwa-young-is-redefining-hanbok-for-the-global-stage/,2026-07-11
NEWS,theseouljournal.com,91,https://theseouljournal.com/why-seoul-future-urban-planning-layout-matters-a-complete-expert-breakdown/,2026-06-21
BLOGSPOT,k-health365.blogspot.com,2,https://k-health365.blogspot.com/2026/08/blog-post.html,2026-09-14
BLOGSPOT,k-health365.blogspot.com,2,https://k-health365.blogspot.com/2026/09/blog-post.html?m=1,2026-09-13